순번,시도본부,소방서,119안전센터명,주소,latitude,longtitude
1,서울소방재난본부,종로소방서,세종로,서울특별시 종로구 종로1길 28 (수송동),37.5728516379635,126.978909199747
2,서울소방재난본부,종로소방서,신교,서울특별시 종로구 자하문로 93 (신교동),37.5842789170648,126.970027499987
3,서울소방재난본부,종로소방서,종로,서울특별시 종로구 돈화문로 30 (묘동),37.5712662536965,126.992233420661
4,서울소방재난본부,종로소방서,연건,서울특별시 종로구 대학로 91 (연건동),37.5794142791836,127.001835354449
5,서울소방재난본부,종로소방서,신영,서울특별시 종로구 진흥로 477 (신영동),37.6057957808925,126.960846444543
6,서울소방재난본부,종로소방서,숭인,서울특별시 종로구 숭인동길 63 (숭인동),37.5777636587545,127.021706560708
7,서울소방재난본부,중부소방서_서울,무학,서울특별시 중구 퇴계로 394 (무학동),37.5648664558126,127.015378573704
8,서울소방재난본부,중부소방서_서울,을지로,서울특별시 중구 을지로45길 43 (신당동),37.566728573095,127.012025690221
9,서울소방재난본부,중부소방서_서울,충무로,서울특별시 중구 충무로 11 (충무로3가),37.5621562365797,126.992912675198
10,서울소방재난본부,중부소방서_서울,회현,서울특별시 중구 소공로 30 (회현동2가),37.558208190069,126.983364600162
11,서울소방재난본부,중부소방서_서울,신당,서울특별시 중구 다산로8길 2 (신당동),37.5529259688215,127.009640800452
12,서울소방재난본부,광진소방서,구의,서울특별시 광진구 광나루로 480 (구의동),37.5448260218652,127.082778518406
13,서울소방재난본부,광진소방서,능동,서울특별시 광진구 능동로 242 (능동),37.5516759040088,127.076991345349
14,서울소방재난본부,광진소방서,중곡,서울특별시 광진구 용마산로 150 (중곡동),37.5669486795626,127.086643780864
15,서울소방재난본부,성동소방서,행당(구 송정),서울특별시 성동구 살곶이길 331(행당동),37.5537555261627,127.039484725635
16,서울소방재난본부,성동소방서,왕십리(구 행당),서울특별시 성동구 고산자로 249 (도선동),37.5620370536455,127.035474709777
17,서울소방재난본부,성동소방서,성동_금호,서울특별시 성동구 난계로 19 (금호동1가),37.5540068802159,127.024208560228
18,서울소방재난본부,성동소방서,성수,서울특별시 성동구 뚝섬로 452 (성수동2가),37.537176455916,127.060654486737
19,서울소방재난본부,용산소방서,한강로,서울특별시 용산구 한강대로 167 (한강로2가),37.5341074431998,126.971506544727
20,서울소방재난본부,용산소방서,이태원,서울특별시 용산구 이태원로 196 (이태원동),37.5343733575462,126.995800074175
21,서울소방재난본부,용산소방서,후암,서울특별시 용산구 후암로 34 (후암동),37.548930436814,126.977888643401
22,서울소방재난본부,용산소방서,이촌,서울특별시 용산구 이촌로2가 1 (이촌동),0,0
23,서울소방재난본부,용산소방서,서빙고,서울특별시 용산구 서빙고로67길 7(서빙고동),37.5208326196955,126.995010003972
24,서울소방재난본부,동대문소방서,동대문_장안,서울특별시 동대문구 장한로 34 (장안동),37.5637542523416,127.066724569715
25,서울소방재난본부,동대문소방서,청량리,서울특별시 동대문구 왕산로 299 (청량리동),37.5871648475754,127.052316985824
26,서울소방재난본부,동대문소방서,전농,서울특별시 동대문구 황물로 3 (전농동),37.5763087872444,127.046017913495
27,서울소방재난본부,동대문소방서,용두,서울특별시 동대문구 왕산로 76 (용두동),37.5778486922352,127.031745691291
28,서울소방재난본부,동대문소방서,휘경,서울특별시 동대문구 망우로 106 (휘경동),37.5906585512362,127.0651426879
29,서울소방재난본부,중랑소방서,신내,서울특별시 중랑구 신내로 183 (신내동),37.6153857016411,127.09488645434
30,서울소방재난본부,중랑소방서,면목,서울특별시 중랑구 동일로 475 (면목동),37.5728233444034,127.079878532438
31,서울소방재난본부,중랑소방서,망우,서울특별시 중랑구 용마산로 524 (망우동),37.5977258343186,127.100571864346
32,서울소방재난본부,중랑소방서,중화,서울특별시 중랑구 동일로 783 (중화동),37.600460399449,127.079334389398
33,서울소방재난본부,영등포소방서,영등포,서울특별시 영등포구 문래로 197 (영등포동4가),37.5184389128995,126.904188745933
34,서울소방재난본부,영등포소방서,여의도,서울특별시 영등포구 의사당대로 162 (여의도동),37.5172246813066,126.927973753551
35,서울소방재난본부,영등포소방서,당산,서울특별시 영등포구 양평로 70-1 (당산동6가),37.5354973829456,126.899192700249
36,서울소방재난본부,영등포소방서,대림,서울특별시 영등포구 도림로 212 (신길동),37.4973134949082,126.904060701993
37,서울소방재난본부,영등포소방서,신길,서울특별시 영등포구 영등포로84길 31 (신길동),37.5104280770526,126.922193363902
38,서울소방재난본부,성북소방서,종암,서울특별시 성북구 종암로27길 3 (종암동),37.6024227162113,127.031747410745
39,서울소방재난본부,성북소방서,돈암,서울특별시 성북구 보문로 192 (삼선동4가),37.590987927928,127.014439292796
40,서울소방재난본부,성북소방서,길음,서울특별시 성북구 정릉로 321 (길음동),37.6028203266818,127.01921134912
41,서울소방재난본부,성북소방서,장위,서울특별시 성북구 한천로 640 (장위동),37.6156172519303,127.058227345965
42,서울소방재난본부,도봉소방서,방학,서울특별시 도봉구 도봉로 666 (방학동),37.6640064724611,127.043019127495
43,서울소방재난본부,도봉소방서,도봉,서울특별시 도봉구 도봉로 721 (방학동),37.6689357096486,127.04309474036
44,서울소방재난본부,도봉소방서,창동,서울특별시 도봉구 해등로 25 (창동),37.646761768825,127.043734714786
45,서울소방재난본부,도봉소방서,쌍문,서울특별시 도봉구 노해로 152 (쌍문동),37.6481984004112,127.026815972409
46,서울소방재난본부,노원소방서,하계,서울특별시 노원구 한글비석로1길 8 (하계동),37.6382549586524,127.071107030841
47,서울소방재난본부,노원소방서,상계,서울특별시 노원구 노원로26길 111 (상계동),37.6550522215901,127.0716247327
48,서울소방재난본부,노원소방서,공릉,서울특별시 노원구 화랑로 482 (공릉동),37.6190612991145,127.080693450592
49,서울소방재난본부,노원소방서,월계,서울특별시 노원구 월계로 323 (월계동),37.6288105788559,127.056393818666
50,서울소방재난본부,노원소방서,수락,서울특별시 노원구 동일로 1694 (상계동),37.6797401642825,127.055776663279
51,서울소방재난본부,은평소방서,진관,서울특별시 은평구 통일로 962(진관동),37.628901913339,126.919886803981
52,서울소방재난본부,은평소방서,녹번,서울특별시 은평구 은평로 245 (녹번동),37.6011049837261,126.935146145667
53,서울소방재난본부,은평소방서,역촌,서울특별시 은평구 갈현로 80 (역촌동),37.6049907333044,126.910669577673
54,서울소방재난본부,은평소방서,수색,서울특별시 은평구 수색로 294 (수색동),0,0
55,서울소방재난본부,서대문소방서,서대문_연희,서울특별시 서대문구 연희로 182 (연희동),37.57320485877,126.935995916827
56,서울소방재난본부,서대문소방서,북가좌,서울특별시 서대문구 증가로 242 (북가좌동),37.5828643962709,126.913003680191
57,서울소방재난본부,서대문소방서,홍은,서울특별시 서대문구 홍은중앙로 83 (홍은동),37.5987232899088,126.947029460621
58,서울소방재난본부,서대문소방서,미근,서울특별시 서대문구 통일로 113 (미근동),37.5650853221302,126.967074308467
59,서울소방재난본부,마포소방서,신수,서울특별시 마포구 창전로 76 (신수동),37.5493731987746,126.933177803745
60,서울소방재난본부,마포소방서,염리,서울특별시 마포구 토정로 37길 27 (염리동),37.5417335945556,126.945572683437
61,서울소방재난본부,마포소방서,서교,서울특별시 마포구 양화로 60 (서교동),37.5502847053114,126.915543990283
62,서울소방재난본부,마포소방서,마포_성산,서울특별시 마포구 월드컵북로 240 (성산동),37.5706093453431,126.90305825047
63,서울소방재난본부,마포소방서,공덕,서울특별시 마포구 만리재옛길 82 (공덕동),37.5500487475154,126.959767170966
64,서울소방재난본부,마포소방서,상암,서울특별시 마포구 월드컵북로 42길 34 (상암동),0,0
65,서울소방재난본부,강남소방서,강남_삼성,서울특별시 강남구 테헤란로 629 (삼성동),37.5102791937918,127.066830196714
66,서울소방재난본부,강남소방서,영동,서울특별시 강남구 도산대로 320 (논현동),37.5221428647963,127.03693433067
67,서울소방재난본부,강남소방서,역삼,서울특별시 강남구 역삼로 236 (역삼동),37.4971302963569,127.042446564006
68,서울소방재난본부,강남소방서,수서,서울특별시 강남구 광평로31길 6 (수서동),37.4849268509466,127.092841706314
69,서울소방재난본부,강남소방서,개포,서울특별시 강남구 논현로 10길 19 (개포동),37.4747004805241,127.049895047376
70,서울소방재난본부,서초소방서,반포,서울특별시 서초구 사평대로 67 (반포동),37.4984499624536,126.991933484053
71,서울소방재난본부,서초소방서,방배,서울특별시 서초구 남부순환로 2155 (방배동),37.4755003421939,126.98820996058
72,서울소방재난본부,서초소방서,양재,서울특별시 서초구 동산로 9 (양재동),37.4694635060301,127.040825131053
73,서울소방재난본부,서초소방서,서초,서울특별시 서초구 효령로 400 (서초동),37.4880317322992,127.027597379495
74,서울소방재난본부,서초소방서,잠원,서울특별시 서초구 서초중앙로29길 6 (반포동),37.4990716329324,127.011600589722
75,서울소방재난본부,서초소방서,우면,서울특별시 서초구 남부순환로340길 49 (서초동),37.479576332262,127.021885024707
76,서울소방재난본부,관악소방서,관악,서울특별시 관악구 관악로 97 (봉천동),37.474124805543,126.952685489441
77,서울소방재난본부,관악소방서,봉천,서울특별시 관악구 은천로 54 (봉천동),37.4859489532925,126.941113960309
78,서울소방재난본부,관악소방서,관악_신림,서울특별시 관악구 봉천로 202 (신림동),37.4896334876154,126.923986693672
79,서울소방재난본부,관악소방서,난곡,서울특별시 관악구 난곡로 243 (신림동),37.4756896173156,126.916070379965
80,서울소방재난본부,동작소방서,동작,서울특별시 동작구 여의대방로16길 55(신대방동),37.4946721349965,126.91771856513
81,서울소방재난본부,동작소방서,노량진,서울특별시 동작구 노량진로 187 (노량진동),37.513669634701,126.946943945314
82,서울소방재난본부,동작소방서,상도,서울특별시 동작구 국사봉1길 17 (상도동),37.4990401585505,126.929474600621
83,서울소방재난본부,동작소방서,동작_백운,서울특별시 동작구 사당로 63 (상도동),37.4948022151833,126.961590416037
84,서울소방재난본부,강서소방서_서울,등촌,서울특별시 강서구 양천로 550 (등촌동),37.5582460680719,126.860047002918
85,서울소방재난본부,강서소방서_서울,화곡,서울특별시 강서구 까치산로 49 (화곡동),37.543664744296,126.845223517709
86,서울소방재난본부,강서소방서_서울,발산,서울특별시 강서구 강서로 329 (내발산동),37.555261129542,126.836860953088
87,서울소방재난본부,강서소방서_서울,방화,서울특별시 강서구 금낭화로26길 10 (방화동),37.5797935701872,126.814281581572
88,서울소방재난본부,강서소방서_서울,개화,서울특별시 강서구 개화동로19길 8 (개화동),37.575000173221,126.803146069104
89,서울소방재난본부,양천소방서,양천,서울특별시 양천구 목동서로 180 (목동),37.5302359667761,126.872342277813
90,서울소방재난본부,양천소방서,양천_신정,서울특별시 양천구 신월로 268 (신정동),37.5217756482988,126.850955859801
91,서울소방재난본부,양천소방서,목동,서울특별시 양천구 안양천로 1139 (목동),37.5427783009136,126.883552801526
92,서울소방재난본부,양천소방서,양천_신월,서울특별시 양천구 남부순환로 448 (신월동),37.527925585812,126.833084887826
93,서울소방재난본부,양천소방서,신트리,서울특별시 양천구 신정로 238 (신정동),37.5106105096518,126.84798529112
94,서울소방재난본부,강동소방서,성내,서울특별시 강동구 성내로 39 (성내동),37.5294578780874,127.125372107356
95,서울소방재난본부,강동소방서,천호,서울특별시 강동구 진황도로 37 (천호동),37.538619937408,127.131370251226
96,서울소방재난본부,강동소방서,강동_고덕,서울특별시 강동구 양재대로156길 133 (고덕동),37.5571655644062,127.151860472213
97,서울소방재난본부,강동소방서,암사,서울특별시 강동구 올림픽로 815 (암사동),37.5539834377479,127.12863753848
98,서울소방재난본부,강동소방서,길동,서울특별시 강동구 천중로 215 (길동),37.5409744935373,127.144357712705
99,서울소방재난본부,송파소방서,마천,서울특별시 송파구 오금로51길 56 (마천동),37.4998334512085,127.142591860451
100,서울소방재난본부,송파소방서,거여,서울특별시 송파구 마천로 329 (마천동),37.494162814581,127.151828028702
101,서울소방재난본부,송파소방서,방이,서울특별시 송파구 강동대로 286 (방이동),37.519784557048,127.136571935167
102,서울소방재난본부,송파소방서,잠실,서울특별시 송파구 석촌호수로 151 (잠실동),37.5073164796842,127.093893101316
103,서울소방재난본부,송파소방서,운동장,서울특별시 송파구 올림픽로 25 (잠실동),37.5161996814031,127.075939572603
104,서울소방재난본부,송파소방서,가락,서울특별시 송파구 양재대로 932 (가락동),37.4945376921828,127.108713599026
105,서울소방재난본부,구로소방서,고일,서울특별시 구로구 경인로 408 (고척동),37.4977928295037,126.86521575957
106,서울소방재난본부,구로소방서,수궁,서울특별시 구로구 오리로 1285 (궁동),37.4962644992294,126.82954314226
107,서울소방재난본부,구로소방서,고척,서울특별시 구로구 고척로 195 (고척동),37.5049287806115,126.854864624849
108,서울소방재난본부,구로소방서,구로,서울특별시 구로구 구로동로 175 (구로동),37.4942274908725,126.882548301049
109,서울소방재난본부,구로소방서,독산,서울특별시 금천구 시흥대로 386 (독산동),37.4678951443353,126.898274427131
110,서울소방재난본부,구로소방서,구로_시흥,서울특별시 금천구 시흥대로45길 31 (시흥동),37.4485476989236,126.900483119901
111,서울소방재난본부,구로소방서,신도림,서울특별시 구로구 경인로59길 57 (신도림동),37.5073244326985,126.881212537772
112,서울소방재난본부,구로소방서,구로_공단,서울특별시 구로구 디지털로34길 56 (구로동),37.484225084951,126.898432630772
113,서울소방재난본부,강북소방서_서울,번동,서울특별시 강북구 보건소길 2 (번동),0,0
114,서울소방재난본부,강북소방서_서울,우이,서울특별시 강북구 삼각산로 111 (수유동),37.6409535904087,127.016496342099
115,서울소방재난본부,강북소방서_서울,미아,서울특별시 강북구 도봉로 125 (미아동),37.6200218033242,127.02829468516
116,서울소방재난본부,강북소방서_서울,삼각산,서울특별시 강북구 솔샘로 208 (미아동),37.6198625399321,127.015503392069
117,부산소방안전본부,중부소방서_부산,중부(부산)_중앙,부산광역시 중구 중앙대로 110(중앙동4가),35.1071098042428,129.036729805709
118,부산소방안전본부,중부소방서_부산,부민,부산광역시 서구 임시수도기념로 21-4(부민동3가),35.1032296520266,129.01859290874
119,부산소방안전본부,중부소방서_부산,충무,부산광역시 서구 충무대로 186(남부민동),35.0871102237157,129.024782788649
120,부산소방안전본부,중부소방서_부산,창선,부산광역시 중구 대청로 68-1(부평동),35.1028485461033,129.027344030794
121,부산소방안전본부,중부소방서_부산,초량,부산광역시 동구 중앙대로 260번길 7-3(초량동),0,0
122,부산소방안전본부,부산진소방서,범일,부산광역시 동구 범일로 115(범일동),35.1404322853997,129.059044441256
123,부산소방안전본부,부산진소방서,부전,부산광역시 부산진구 서전로 43(전포동),35.1580729998094,129.064634532602
124,부산소방안전본부,부산진소방서,수정,부산광역시 동구 중앙대로 383-1(수정동),35.1296131943422,129.049215544755
125,부산소방안전본부,부산진소방서,부산진_가야,부산광역시 부산진구 가야대로 627(가야동),35.1557502150966,129.040389978536
126,부산소방안전본부,부산진소방서,부암,부산광역시 부산진구 신천대로 282(부암동),35.1669035794401,129.050728551944
127,부산소방안전본부,부산진소방서,당감,부산광역시 부산진구 백양산로53번길 65(당감동),35.17168920814,129.028526167136
128,부산소방안전본부,동래소방서,동래_연산,부산광역시 연제구 고분로 216(연산동),35.1834432601063,129.105747814753
129,부산소방안전본부,동래소방서,수안,부산광역시 동래구 명륜로45번길 7(수안동),35.1981511198489,129.083813837728
130,부산소방안전본부,동래소방서,온천,부산광역시 동래구 우장춘로 196(온천동),0,0
131,부산소방안전본부,동래소방서,양정,부산광역시 부산진구 연제로9번길 42(양정동),35.1753904327646,129.075896148134
132,부산소방안전본부,동래소방서,동래_사직,부산광역시 동래구 체육공원로 74(사직동),35.1946615950418,129.059242735097
133,부산소방안전본부,북부소방서_부산,삼락,부산광역시 사상구 삼덕로 17(삼락동),35.174526513559,128.978757026489
134,부산소방안전본부,북부소방서_부산,감전,부산광역시 사상구 가야대로 41(감전동),35.1518619673133,128.97739115958
135,부산소방안전본부,북부소방서_부산,구포,부산광역시 북구 만덕대로 31(덕천동),35.2111460677691,129.008363744595
136,부산소방안전본부,북부소방서_부산,화명,부산광역시 북구 금곡대로 184(화명동),35.2252697756132,129.010309958729
137,부산소방안전본부,북부소방서_부산,주례,부산광역시 사상구 양지로22번길 7(주례동),35.1540753002093,129.004149169682
138,부산소방안전본부,북부소방서_부산,모라,부산광역시 사상구 백양대로 950(모라동),35.1909775780576,128.992260216349
139,부산소방안전본부,북부소방서_부산,학장,부산광역시 사상구 학감대로 89(학장동),35.1396785582034,128.990454486897
140,부산소방안전본부,북부소방서_부산,금곡,부산광역시 북구 금곡대로616번길 151(금곡동),0,0
141,부산소방안전본부,북부소방서_부산,만덕,부산광역시 북구 함박봉로 142(만덕동),35.2048093141871,129.033189188531
142,부산소방안전본부,사하소방서,사하_신평,부산광역시 사하구 장평로 270(신평동),35.0906373939267,128.973412192705
143,부산소방안전본부,사하소방서,괴정,부산광역시 사하구 낙동대로 262(괴정동),35.0994211596906,128.988382534008
144,부산소방안전본부,사하소방서,하단,부산광역시 사하구 낙동남로 1407(하단동),35.1065237297469,128.965590720102
145,부산소방안전본부,사하소방서,다대,부산광역시 사하구 다대로 622(다대동),35.0511794178346,128.970370157716
146,부산소방안전본부,사하소방서,감천,부산광역시 사하구 원양로 405(감천동),35.0863013563412,129.004796449761
147,부산소방안전본부,해운대소방서,우동,부산광역시 해운대구 해운대해변로 106(우동),35.1595604978668,129.143703445807
148,부산소방안전본부,해운대소방서,해운대_중동,부산광역시 해운대구 달맞이길 117번길 72(중동),35.1606827424106,129.175850286031
149,부산소방안전본부,해운대소방서,반여,부산광역시 해운대구 선수촌로 21번길 64(반여동),35.1974075682399,129.117843919825
150,부산소방안전본부,해운대소방서,좌동,부산광역시 해운대구 대천로 67번길 35(좌동),35.1736463536188,129.166472141693
151,부산소방안전본부,해운대소방서,센텀,부산광역시 해운대구 센텀동로 50(우동),35.1737605321549,129.130799084319
152,부산소방안전본부,금정소방서,금정_부곡,부산광역시 금정구 중앙대로 1789(부곡동),35.2438809711478,129.092379154968
153,부산소방안전본부,금정소방서,서동,부산광역시 동래구 반송로 331(명장동),35.2090301504975,129.103304301676
154,부산소방안전본부,금정소방서,금정_남산,부산광역시 금정구 두실로 46(남산동),35.2614284381626,129.086884619266
155,부산소방안전본부,금정소방서,반송,부산광역시 해운대구 아랫반송로 10(반송동),35.2253819284519,129.146991933939
156,부산소방안전본부,금정소방서,산성산악,부산광역시 금정구 산성로 396(금성동),35.2510570365821,129.050916427357
157,부산소방안전본부,남부소방서_부산,광안,부산광역시 수영구 광일로 64(광안동),35.163161521483,129.107041710548
158,부산소방안전본부,남부소방서_부산,감만,부산광역시 남구 우암로 81(감만동),35.1177173779452,129.080532673297
159,부산소방안전본부,남부소방서_부산,대연,부산광역시 남구 수영로 279(대연동),35.1362203592161,129.097028770099
160,부산소방안전본부,남부소방서_부산,망미,부산광역시 수영구 과정로55번길 16(망미동),35.176336055203,129.106416792076
161,부산소방안전본부,남부소방서_부산,용당,부산광역시 남구 신선로 398(용당동),35.1206557323299,129.098631395708
162,부산소방안전본부,강서소방서_부산,녹산,부산광역시 강서구 녹산산단361로 9(송정동),35.0895965953527,128.856793762837
163,부산소방안전본부,강서소방서_부산,신호,부산광역시 강서구 신호산단4로 62(신호동),35.0854810216802,128.879555042648
164,부산소방안전본부,강서소방서_부산,대저,부산광역시 강서구 대저로221번길 25(대저동),35.2156902542779,128.976877727806
165,부산소방안전본부,강서소방서_부산,강동,부산광역시 강서구 제도로 696(강동동),35.174774219279,128.916034605218
166,부산소방안전본부,강서소방서_부산,지사,부산광역시 강서구 과학산단로 333번길 3(지사동),35.1485997843036,128.833204957391
167,부산소방안전본부,기장소방서,정관,부산광역시 기장군 정관면 용수로 7(정관읍),35.3248180735465,129.179899715251
168,부산소방안전본부,기장소방서,기장,부산광역시 기장군 기장읍 차성동로 5번길 16(기장읍),35.2385607157386,129.215407691526
169,부산소방안전본부,기장소방서,기장_송정,부산광역시 해운대구 송정중앙로 15번길 16(송정동),35.183814521768,129.203028497643
170,부산소방안전본부,기장소방서,장안,부산광역시 기장군 장안산단 3로 43(장안읍),35.3330346028608,129.263277614072
171,부산소방안전본부,항만소방서,동삼,부산광역시 영도구 해양로 297(동삼동),35.0817880955564,129.076863835442
172,부산소방안전본부,항만소방서,영선,부산광역시 영도구 태종로 115(영선동),35.0912675679499,129.043382325231
173,부산소방안전본부,항만소방서,부두,부산광역시 동구 충장대로 236(좌천동),0,0
174,부산소방안전본부,항만소방서,항만_청학,부산광역시 영도구 태종로 274(청학동),35.0981458827609,129.056583424962
175,대구소방안전본부,중부소방서_대구,남산,대구광역시 중구 달구벌대로 1926 ,35.8625785689275,128.575242214597
176,대구소방안전본부,중부소방서_대구,서문로,대구광역시 중구 경상감영길 45,35.8715731433801,128.589982298673
177,대구소방안전본부,중부소방서_대구,대신,대구광역시 중구 큰장로26길 45,35.8689072112825,128.580771841427
178,대구소방안전본부,중부소방서_대구,삼덕,대구광역시 중구 공평로 35 ,35.8671886015582,128.599668873827
179,대구소방안전본부,중부소방서_대구,명덕,대구광역시 남구 명덕로34길 22 ,35.8555191778081,128.587200983073
180,대구소방안전본부,중부소방서_대구,봉덕,대구광역시 남구 희망로3길 29 ,35.8490254861932,128.599284436666
181,대구소방안전본부,중부소방서_대구,대명,대구광역시 남구 현충로15길 21-81,0,0
182,대구소방안전본부,중부소방서_대구,성명,대구광역시 남구 대명남로 12-1,35.8333979731285,128.560147424485
183,대구소방안전본부,동부소방서_대구,신천,대구광역시 동구 동대구로 507 ,35.8759869614137,128.625222806232
184,대구소방안전본부,동부소방서_대구,동촌,대구광역시 동구 해동로 180 ,35.8867095397556,128.648443985747
185,대구소방안전본부,동부소방서_대구,안심,대구광역시 동구 반야월로 291 ,35.8722140949982,128.720408866704
186,대구소방안전본부,동부소방서_대구,불로,대구광역시 동구 팔공로50길 19 ,35.9219950386844,128.64394213613
187,대구소방안전본부,동부소방서_대구,공산,대구광역시 동구 팔공산로 1579 ,35.9627707255417,128.697731684738
188,대구소방안전본부,동부소방서_대구,율하,대구광역시 동구 율하동로8길 5,35.8620979192014,128.701949350883
189,대구소방안전본부,서부소방서_대구,평리,대구광역시 서구 달서천로 186 ,35.8818754968117,128.554385807689
190,대구소방안전본부,서부소방서_대구,읍내,대구광역시 북구 칠곡중앙대로 570 ,35.946379463826,128.551522566796
191,대구소방안전본부,서부소방서_대구,이현,대구광역시 서구 국채보상로 119 ,35.8690806172515,128.544138809243
192,대구소방안전본부,서부소방서_대구,비산,대구광역시 서구 달서로 206 ,35.8804536808062,128.57201760232
193,대구소방안전본부,서부소방서_대구,태전,대구광역시 북구 칠곡중앙대로 184 ,35.9123518748603,128.54884110844
194,대구소방안전본부,서부소방서_대구,내당,대구광역시 서구 서대구로3길 16 ,35.8594368131317,128.555262861103
195,대구소방안전본부,서부소방서_대구,동천,대구광역시 북구 구암로 155 ,35.9319171587778,128.557805521356
196,대구소방안전본부,북부소방서_대구,칠성,대구광역시 북구 칠성남로 112 ,35.8780015545334,128.592313890025
197,대구소방안전본부,북부소방서_대구,침산,대구광역시 북구 침산남로 149 ,35.8883583451459,128.592261688783
198,대구소방안전본부,북부소방서_대구,노원,대구광역시 북구 노원로 42 ,35.8921501800608,128.567391204939
199,대구소방안전본부,북부소방서_대구,대현,대구광역시 북구 대현로 105 ,35.882427256702,128.610631790953
200,대구소방안전본부,북부소방서_대구,복현,대구광역시 북구 동북로 245 ,35.8954131484941,128.618202109124
201,대구소방안전본부,북부소방서_대구,무태,대구광역시 북구 호국로43길 21 ,35.9209290885842,128.596895399219
202,대구소방안전본부,북부소방서_대구,산격,대구광역시 북구 유통단지로8길 88 ,35.9061144710021,128.614261138811
203,대구소방안전본부,수성소방서,범물,대구광역시 수성구 청호로 87 ,35.8254701590657,128.644226302015
204,대구소방안전본부,수성소방서,만촌,대구광역시 수성구 달구벌대로 2658 ,35.8553360858601,128.652109027714
205,대구소방안전본부,수성소방서,황금,대구광역시 수성구 동대구로12길 41 ,35.835493398991,128.62643436355
206,대구소방안전본부,수성소방서,상동,대구광역시 수성구 파동로51길 5 ,35.8250946227159,128.609375652635
207,대구소방안전본부,수성소방서,수성,대구광역시 수성구 들안로60길 30 ,35.8567913176433,128.620896369932
208,대구소방안전본부,수성소방서,고산,대구광역시 수성구 고산로 105 ,35.8402055935931,128.704478975967
209,대구소방안전본부,수성소방서,무열로,대구광역시 수성구 무열로 139 ,35.8707343183583,128.648155346012
210,대구소방안전본부,달서소방서,월성,대구광역시 달서구 학산로 75 ,35.8310595731462,128.534732158566
211,대구소방안전본부,달서소방서,송현,대구광역시 달서구 월배로 262 ,35.8200239685594,128.542027763004
212,대구소방안전본부,달서소방서,본리,대구광역시 달서구 대명천로 134 ,35.8396910460472,128.545087338814
213,대구소방안전본부,달서소방서,도원,대구광역시 달서구 도원로 8 ,35.8090060720396,128.535628122043
214,대구소방안전본부,달성소방서,현풍,대구광역시 달성군 현풍면 비슬로 480 ,35.6824958990577,128.44694626899
215,대구소방안전본부,달성소방서,논공,대구광역시 달성군 논공읍 논공중앙로33길 5,35.7301021498426,128.45301393138
216,대구소방안전본부,달성소방서,화원,대구광역시 달성군 화원읍 화암로 122 ,35.7987791076404,128.501658095844
217,대구소방안전본부,달성소방서,구지,대구광역시 달성군 구지면 달성2차로 111 ,35.6400521416582,128.418980346813
218,대구소방안전본부,강서소방서_대구,다사,대구광역시 달성군 다사읍 달구벌대로 920,35.8554228156061,128.467426171603
219,대구소방안전본부,강서소방서_대구,성서,대구광역시 달서구 성서로 357 ,35.8495047027214,128.506882956212
220,대구소방안전본부,강서소방서_대구,죽전,대구광역시 달서구 와룡로 222 ,35.8525959576037,128.537639496198
221,대구소방안전본부,강서소방서_대구,대천,대구광역시 달서구 달서대로58길 129 ,35.8249532512934,128.506745953201
222,대구소방안전본부,강서소방서_대구,매곡,대구광역시 달성군 다사읍 달구벌대로 753 ,35.861159614124,128.454198592999
223,인천소방본부,중부소방서_인천,중부(인천)_중앙,인천광역시 중구 인중로 204,37.4701498156144,126.622340066185
224,인천소방본부,중부소방서_인천,중부(인천)_송현,인천광역시 동구 방축로 39,37.4863115582023,126.650986121906
225,인천소방본부,중부소방서_인천,송림,인천광역시 동구 샛골로 133,37.4743116594514,126.644083568743
226,인천소방본부,중부소방서_인천,만석,인천광역시 동구 제물량로 396,37.4833974347001,126.625813427573
227,인천소방본부,중부소방서_인천,연안,인천광역시 중구 축항대로 118,0,0
228,인천소방본부,중부소방서_인천,영흥,인천광역시 영흥면 영흥로 283-32,37.2564354715708,126.483902564782
229,인천소방본부,중부소방서_인천,백령,인천광역시 옹진군 백령면 백령남로 30,37.967449896222,124.717686291899
230,인천소방본부,남동소방서_인천,구월,인천광역시 남동구 인주대로 714-8,37.4490689972978,126.715952874417
231,인천소방본부,남동소방서_인천,만수,인천광역시 남동구 인주대로 845,37.4487084180183,126.73132974892
232,인천소방본부,남동소방서_인천,간석,인천광역시 남동구 백범로 248번길,37.4627610673375,126.721884270503
233,인천소방본부,남동소방서_인천,담방(구.서창),인천광역시 남동구 매소홀로 1049,0,0
234,인천소방본부,부평소방서_인천,부평_갈산,인천광역시 부평구 부평대로 324,37.5202257852865,126.722149279371
235,인천소방본부,부평소방서_인천,부평,인천광역시 부평구 부평대로 8,37.4921697074499,126.723440329378
236,인천소방본부,부평소방서_인천,십정,인천광역시 부평구 경원대로 1111,37.4803070054783,126.697246324424
237,인천소방본부,부평소방서_인천,산곡,인천광역시 부평구 마장로 198,37.4957144367975,126.703096556192
238,인천소방본부,부평소방서_인천,부개,인천광역시 부평구 부개로 6,37.4978732318612,126.739692385025
239,인천소방본부,부평소방서_인천,부평_삼산,인천광역시 부평구 충선로 252,37.5117671238055,126.736067921195
240,인천소방본부,서부소방서_인천,서부(인천)_연희,인천광역시 서구 서곶로292(심곡동),37.5433891634204,126.677248182913
241,인천소방본부,서부소방서_인천,가좌,인천광역시 서구 가좌동 540-1,37.4795584814283,126.680059497487
242,인천소방본부,서부소방서_인천,서부(인천)_신현,인천광역시 서구 신현동 294,37.5147325881069,126.672511011103
243,인천소방본부,서부소방서_인천,석남,인천광역시 서구 석남로102(석남동),37.5005927312449,126.672967800046
244,인천소방본부,서부소방서_인천,검단,인천광역시 서구 왕길동 635-4,37.602645173654,126.655133030614
245,인천소방본부,서부소방서_인천,검암,인천광역시 서구 검암동 606-9,37.5640759460826,126.673594392091
246,인천소방본부,서부소방서_인천,서부(인천)_원당,인천광역시 서구 원당지구 80블럭 2롯트,0,0
247,인천소방본부,서부소방서_인천,청라,인천광역시 서구 경서동 628-3,0,0
248,인천소방본부,공단소방서,공단_고잔,인천광역시 남동구 남동서로 208(고잔동),37.4081755045764,126.693000037004
249,인천소방본부,공단소방서,옥련,인천광역시 연수구 청량로 155번길 7(옥련동),37.4206702441176,126.651924305546
250,인천소방본부,공단소방서,도림,인천광역시 남동구 비류대로 667(도림동),37.4226793545092,126.709113344636
251,인천소방본부,공단소방서,동춘,인천광역시 연수구 앵고개로 241(동춘동),37.4091495210335,126.671288972739
252,인천소방본부,공단소방서,논현,인천광역시 남동구 소래역로 109(논현동),37.4053359288932,126.729675738644
253,인천소방본부,계양소방서,작전,인천광역시 계양구 장제로 774(계산동),37.537054263815,126.734917972563
254,인천소방본부,계양소방서,계산,인천광역시 계양구 주부토길 557(계산동),0,0
255,인천소방본부,계양소방서,장기,인천광역시 계양구 장기서로 14(장기동),37.5763339796147,126.733690329638
256,인천소방본부,계양소방서,효성,인천광역시 계양구 효서로 96-1(효성동),37.5275762841482,126.706489933391
257,인천소방본부,남부소방서_인천,신기,인천광역시 남구 인하로 190 (주안동),37.4484000155529,126.669004448977
258,인천소방본부,남부소방서_인천,주안,인천광역시 남구 한나루로 607 인천종합건설본부 (도화동),37.460463810933,126.672270959541
259,인천소방본부,남부소방서_인천,도화,인천광역시 남구 장고개로 85 (도화동),37.4754500177007,126.669304839088
260,인천소방본부,남부소방서_인천,용현,인천광역시 남구 독배로 376 (용현동),37.4533880406862,126.648575780992
261,인천소방본부,남부소방서_인천,관교,인천광역시 남구 인하로 450 (관교동),37.4443091294376,126.696590337942
262,인천소방본부,남부소방서_인천,숭의,인천광역시 남구 석정로 51 (숭의동),37.4655868339819,126.643508202679
263,인천소방본부,강화소방서,강화,인천광역시 강화군 강화읍 남문로23번길 11,37.7396723408858,126.487454831449
264,인천소방본부,강화소방서,길상,인천광역시 강화군 길상면 마니산로 93,37.6383381483064,126.482567892195
265,인천소방본부,강화소방서,내가,인천광역시 강화군 내가면 강화서로 235-1 ,37.7175112457322,126.390106700614
266,인천소방본부,공항소방서,공항,인천광역시 중구 공항서로512번길 464(운서동),0,0
267,인천소방본부,공항소방서,영종,인천광역시 중구 운남로 116(운남동),37.488045907059,126.53330556623
268,인천소방본부,공항소방서,운서,인천광역시 중구 흰바위로27번길 16(운서동),37.493719510686,126.488414963111
269,인천소방본부,공항소방서,용유,인천광역시 중구 용유서로128번길 1(운서동),37.4485444022982,126.393957636148
270,인천소방본부,송도소방서,미래,인천광역시 연수구 첨단대로 60번길 15(송도동),37.3672280788106,126.651588040332
271,인천소방본부,송도소방서,신송(구.송도),인천광역시 연수구 해돋이로 92(송도동),37.3909227454514,126.65189340908
272,광주소방안전본부,동부소방서_광주,대인,광주광역시 동구 제봉로 210(대인동),35.1544942942489,126.914804784324
273,광주소방안전본부,동부소방서_광주,지산,광주광역시 동구 밤실로30번길 16(지산동),35.1499586827579,126.938544457704
274,광주소방안전본부,동부소방서_광주,학운,광주광역시 동구 남문로 692(학동),35.1324057596423,126.928868694548
275,광주소방안전본부,서부소방서_광주,화정,광주광역시 서구 화운로 197(화정동),35.1566940534441,126.876225372283
276,광주소방안전본부,서부소방서_광주,염주,광주광역시 서구 염화로 77(화정동),35.1415567447599,126.873826825466
277,광주소방안전본부,서부소방서_광주,금호,광주광역시 서구 운천로 112(쌍촌동),35.142713056313,126.858291647224
278,광주소방안전본부,서부소방서_광주,상무,광주광역시 서구 치평로 65(치평동),35.1532734790409,126.847090991607
279,광주소방안전본부,서부소방서_광주,풍암,광주광역시 서구 회재로 907(금호동),35.1237043065474,126.862675176889
280,광주소방안전본부,남부소방서_광주,송하,광주광역시 남구 송암로58번길 13(송하동),35.1105075675122,126.878340652978
281,광주소방안전본부,남부소방서_광주,월산,광주광역시 남구 수박등로 1(월산동),35.1406130131608,126.894676110442
282,광주소방안전본부,남부소방서_광주,봉선,광주광역시 남구 오방로 63(방림동),35.1310206509394,126.918986688343
283,광주소방안전본부,북부소방서_광주,문흥,광주광역시 북구 서하로 290(오치동),35.186288409879,126.912007146738
284,광주소방안전본부,북부소방서_광주,임동,광주광역시 북구 서림로 5(임동),35.1688675829341,126.890709077159
285,광주소방안전본부,북부소방서_광주,우산,광주광역시 북구 동문대로 127(우산동),35.1744981260011,126.925875872643
286,광주소방안전본부,북부소방서_광주,일곡,광주광역시 북구 설죽로 529(일곡동),35.206335469492,126.897301992454
287,광주소방안전본부,북부소방서_광주,두암,광주광역시 북구 삼정로 5(두암동),35.1623968350747,126.936820863847
288,광주소방안전본부,북부소방서_광주,동림,광주광역시 북구 북문대로 202(동림동),35.1864715696746,126.87029106156
289,광주소방안전본부,광산소방서_광주,하남,광주광역시 광산구 하남산단1번로 13(하남동),35.1860355882358,126.79656403261
290,광주소방안전본부,광산소방서_광주,송정,광주광역시 광산구 상무대로 93-1(도산동),35.1291275580212,126.785494369408
291,광주소방안전본부,광산소방서_광주,월곡,광주광역시 광산구 사암로 276(월곡동),35.1689140158736,126.809326173612
292,광주소방안전본부,광산소방서_광주,비아,광주광역시 광산구 비아로12번길 10(비아동),35.2207615646222,126.82361254924
293,광주소방안전본부,광산소방서_광주,신가,광주광역시 광산구 수등로 236(신가동),35.184899640916,126.834783972802
294,광주소방안전본부,광산소방서_광주,첨단,광주광역시 광산구 임방울대로825번길 16(쌍암동),35.2187761746166,126.84916639493
295,광주소방안전본부,광산소방서_광주,평동,광주광역시 광산구 월전동 1251,35.1243451127666,126.773988762627
296,대전소방본부,중부소방서_대전,삼성,대전광역시 동구 태전로 134,36.3403540075598,127.421941597847
297,대전소방본부,중부소방서_대전,원동,대전광역시 중구 대종로 373,36.3173370007388,127.428013823451
298,대전소방본부,중부소방서_대전,부사,대전광역시 동구 대전천동로 508,36.326992084421,127.432905315097
299,대전소방본부,중부소방서_대전,산내,대전광역시 동구 산내로 1328,36.2819026369734,127.467490677944
300,대전소방본부,중부소방서_대전,용운,대전광역시 동구 용운로 151번길 88,36.3312891024176,127.461790301749
301,대전소방본부,중부소방서_대전,가양,대전광역시 동구 합내로 50,36.3474918071461,127.440581993023
302,대전소방본부,서부소방서_대전,갈마,대전광역시 서구 갈마중로 15,36.3479047129403,127.371118455166
303,대전소방본부,서부소방서_대전,태평,대전광역시 중구 태평로 91,36.3249067014766,127.394217979249
304,대전소방본부,서부소방서_대전,탄방,대전광역시 서구 문정로 142,36.3468208437512,127.395267393678
305,대전소방본부,서부소방서_대전,월평,대전광역시 서구 청사로 27,36.3600075991843,127.366880883004
306,대전소방본부,서부소방서_대전,둔산,대전광역시 서구 둔산로 101번길 26,36.3525365819119,127.385574503517
307,대전소방본부,동부소방서_대전,법동,대전광역시 대덕구 계족로 682,36.3723950007851,127.42900736273
308,대전소방본부,동부소방서_대전,대화,대전광역시 대덕구 대화로 81,36.3669070077479,127.410867904562
309,대전소방본부,동부소방서_대전,덕암,대전광역시 대덕구 신탄진로 681번길 10,36.4391198145669,127.426079301567
310,대전소방본부,동부소방서_대전,문평,대전광역시 대덕구 문평동로 18번길 34,36.4469173628791,127.404715940285
311,대전소방본부,동부소방서_대전,송촌,대전광역시 대덕구 동춘당로 65,36.363480000202,127.441960030546
312,대전소방본부,북부소방서_대전,도룡,대전광역시 유성구 대덕대로 516,36.3791959389675,127.378851656093
313,대전소방본부,북부소방서_대전,전민,대전광역시 유성구 엑스포로 486-11,36.3993172309193,127.405981347732
314,대전소방본부,북부소방서_대전,구암,대전광역시 유성구 월드컵대로 263,36.34892634766,127.329243104933
315,대전소방본부,북부소방서_대전,궁동,대전광역시 유성구 궁동로 35,36.363665992206,127.348708433962
316,대전소방본부,북부소방서_대전,노은,대전광역시 유성구 노은로 101,36.3686893756932,127.31742731886
317,대전소방본부,남부소방서_대전,복수,대전광역시 서구 복수서로 67,36.3093408889406,127.372352374366
318,대전소방본부,남부소방서_대전,문화,대전광역시 중구 계룡로 918번길 67,36.3193169015427,127.411273335978
319,대전소방본부,남부소방서_대전,산성,대전광역시 중구 산성로 59,36.3077276116695,127.39500742182
320,대전소방본부,남부소방서_대전,가수원,대전광역시 서구 용소로 46,36.3090655488135,127.352688240847
321,대전소방본부,남부소방서_대전,원내,대전광역시 유성구 계백로 801번길 17,36.2918952479765,127.31888406396
322,울산소방본부,중부소방서_울산,유곡,울산광역시 중구 종가로 205,35.5629507922677,129.299310395371
323,울산소방본부,중부소방서_울산,성남,울산광역시 중구 만남의거리 14,0,0
324,울산소방본부,중부소방서_울산,병영,울산광역시 중구 구교로 226,35.5645763519744,129.342468653545
325,울산소방본부,중부소방서_울산,농소,울산광역시 북구 아진로 72,35.6299539700581,129.340768875551
326,울산소방본부,중부소방서_울산,언양,울산광역시 울주군 남천둑길 99,35.5588113105753,129.135358521842
327,울산소방본부,중부소방서_울산,태화,울산광역시 중구 태화로 111,35.5533900069999,129.287964702283
328,울산소방본부,중부소방서_울산,범서,울산광역시 울주군 구영앞길 99,35.5697616024895,129.236260837646
329,울산소방본부,중부소방서_울산,매곡,울산광역시 북구 오토밸리로 1024,35.648714218408,129.359559216057
330,울산소방본부,남부소방서_울산,남부(울산)_삼산,울산광역시 남구 삼산중로 149,35.5471316012368,129.335437832909
331,울산소방본부,남부소방서_울산,여천,울산광역시 남구 여천로 81-33,35.5253045346698,129.341332848279
332,울산소방본부,남부소방서_울산,남부(울산)_신정,울산광역시 남구 신정로 87번길 2,35.5393680452438,129.31959829925
333,울산소방본부,남부소방서_울산,무거,울산광역시 남구 문수로 89,35.5389151580809,129.26368361739
334,울산소방본부,남부소방서_울산,남부(울산)_공단,울산광역시 남구 상개로 190,35.5013542086032,129.318770269746
335,울산소방본부,남부소방서_울산,장생포,울산광역시 남구 매암로 18,35.5115616005605,129.377417955259
336,울산소방본부,남부소방서_울산,옥동,울산광역시 남구 대공원입구로21번길 20,35.5343323997831,129.292187472633
337,울산소방본부,동부소방서_울산,화암,울산광역시 동구 꽃바위2가길 9,35.4823516808126,129.412592596677
338,울산소방본부,동부소방서_울산,동부(울산)_화정,울산광역시 동구 방어진순환도로 601,35.4955109497418,129.426997376175
339,울산소방본부,동부소방서_울산,염포,울산광역시 북구 염포로 769,35.5264279914228,129.399015603912
340,울산소방본부,동부소방서_울산,전하,울산광역시 동구 진성 4가길 8,35.509335725768,129.429083383624
341,울산소방본부,동부소방서_울산,강동,울산광역시 북구 산호중앙2로 231 ,0,0
342,울산소방본부,온산소방서_울산,온산,울산광역시 울주군 온산읍 덕신로 232,35.4333845648914,129.306633463856
343,울산소방본부,온산소방서_울산,온양,울산광역시 울주군 온양읍 온양로 74,35.410864781411,129.279686190316
344,울산소방본부,온산소방서_울산,웅촌,울산광역시 울주군 웅촌면 곡천검단로 9,35.4634398139989,129.206448429231
345,울산소방본부,온산소방서_울산,화산,울산광역시 울주군 온산읍 공단로 417,35.4391202898825,129.335212381319
346,세종소방본부,조치원소방서,조치원,세종특별자치시 조치원읍 세종로 2439,36.6047998641767,127.288914218766
347,세종소방본부,조치원소방서,전의,세종특별자치시 전의면 서정길 46-6,36.6864835651022,127.192342698227
348,세종소방본부,조치원소방서,부강,세종특별자치시 부강면 청연로 7,36.5283453242992,127.37211917687
349,세종소방본부,조치원소방서,연서,세종특별자치시 연서면 도신고복로 306,36.5895635168403,127.202303071461
350,세종소방본부,세종소방서,어진,세종특별자치시 어진동 610,36.5041941878607,127.271551919145
351,세종소방본부,세종소방서,아름,세종특별자치시 아름동 보듬3로 119,36.5114201250681,127.24664241317
352,세종소방본부,세종소방서,한솔,세종특별자치시 한솔동 노을3로 29,36.4805041088106,127.259205055663
353,세종소방본부,세종소방서,보람,세종특별자치시 보람동 남세종로 436,36.4779283839499,127.291369452805
354,경기재난본부,수원소방서,정자,수원시 장안구 정자천로 189번길 12 (정자동),37.2971991256724,126.995993076602
355,경기재난본부,수원소방서,남부,수원시 권선구 동수원로 286 (권선동),37.2547415387714,127.036381693548
356,경기재난본부,수원소방서,매산,수원시 팔달구 매산로  89 (매산로 3가),37.2704984896655,127.010674176609
357,경기재난본부,수원소방서,원천,수원시 영통구 중부대로 349 (원천동),37.2731671592456,127.054202938869
358,경기재난본부,수원소방서,지만,수원시 팔달구 경수대로 660 (우만동),37.2843119556419,127.028680131585
359,경기재난본부,수원소방서,서둔,수원시 권선구 서호동로 48 (서둔동),37.2689455710514,126.993384570387
360,경기재난본부,수원소방서,파장,수원시 장안구 서부로 2308 (이목동),37.312384229078,126.979158725441
361,경기재난본부,수원소방서,이의,수원시 영통구 창룡대로 313 (이의동) ,0,0
362,경기재난본부,수원소방서,고색,수원시 권선구 서부로 1614 (고색동),37.2532080967527,126.97532182721
363,경기재난본부,수원소방서,영통,수원시 영통구 매영로 325 (영통동),37.2532212968554,127.068832850913
364,경기재난본부,성남소방서,수진,성남시 수정구 제일로 111 (수진동),37.4366453961943,127.133510891874
365,경기재난본부,성남소방서,신흥,경기도 성남시 수정구 시민로 151 (신흥동),37.4415522509298,127.143268476109
366,경기재난본부,성남소방서,상대원,경기도 성남시 중원구 둔촌대로 457번길 8 (상대원동),37.432418640836,127.168685627713
367,경기재난본부,성남소방서,단대,경기도 성남시 수정구 논골로 11번길 7-2 (단대동),37.4549335841352,127.159564816335
368,경기재난본부,성남소방서,위례,경기도 성남시 수정구 헌릉로 1003 (창곡동),37.4619276808052,127.143625302207
369,경기재난본부,분당소방서,서현,경기도 성남시 분당구 양현로 14 (서현동),37.386039707594,127.119485991125
370,경기재난본부,분당소방서,판교,경기도 성남시 분당구 대왕판교로644번길 62 (삼평동),37.3995424240373,127.113729043462
371,경기재난본부,분당소방서,수내,경기도 성남시 분당구 백현로 241 (수내동),37.3673527932452,127.122594697553
372,경기재난본부,분당소방서,야탑,경기도 성남시 분당구 양현로 485 (야탑4동),37.4164671416142,127.135949085891
373,경기재난본부,분당소방서,구미,경기도 성남시 분당구 돌마로 138 (구미동),37.3518938889055,127.116516045543
374,경기재난본부,부천소방서,중앙,경기도 부천시 신흥로 115 (중동),37.4940412264581,126.778035521764
375,경기재난본부,부천소방서,내동,경기도 부천시 신흥로 364 (내동),37.5161494851909,126.775874398858
376,경기재난본부,부천소방서,중동,경기도 부천시 부일로 346 (중동),37.4877143241975,126.768530283896
377,경기재난본부,부천소방서,괴안,경기도 부천시 부광로8번길 49 (괴안동),37.4827147084027,126.810440093748
378,경기재난본부,부천소방서,원종,경기도 부천시 원종로79번길 41 (원종동),37.5259780731203,126.808502405233
379,경기재난본부,부천소방서,상동,경기도 부천시 장말로 113 (상동),37.4943022566557,126.754495740347
380,경기재난본부,부천소방서,서부,경기도 부천시 계남로 169 (중동),37.5079076893328,126.767776105783
381,경기재난본부,부천소방서,범박,경기도 부천시 범안로 127 (범박동),37.4705466711072,126.809426288878
382,경기재난본부,부천소방서,신상,경기도 부천시 상동로117번길 36 (상동),37.5081269769491,126.751559934038
383,경기재난본부,안양소방서,부림,경기도 안양시 동안구 관평로212번길 32 (관양동),37.3959727363031,126.960766351277
384,경기재난본부,안양소방서,안양,경기도 안양시 만안구 현충로 55 (안양동),37.3903267857071,126.925588860518
385,경기재난본부,안양소방서,비산,경기도 안양시 동안구 평촌대로 389 (비산동),37.4062913124045,126.948736574943
386,경기재난본부,안양소방서,석수,경기도 안양시 만안구 석수로 28 (석수동),37.4089925526693,126.909249197122
387,경기재난본부,안양소방서,귀인,경기도 안양시 동안구 평촌대로 104 (평촌동),37.3817977223212,126.961499873535
388,경기재난본부,안산소방서,고잔,경기도 안산시 단원구 화랑로 407 (고잔동),37.3217355969893,126.832958805798
389,경기재난본부,안산소방서,원시,경기도 안산시 단원구 동산로 31 (원시동),37.3129658104123,126.793593313585
390,경기재난본부,안산소방서,선부,경기도 안산시 단원구 선부광장서로 43 (선부동),37.333947116242,126.804398466661
391,경기재난본부,안산소방서,성곡,경기도 안산시 단원구 장자골로 66 (성곡동),37.3126852956175,126.765526044663
392,경기재난본부,안산소방서,월피,경기도 안산시 상록구 충장로 645 (월피동),37.335035369418,126.854451438203
393,경기재난본부,안산소방서,군자,경기도 안산시 단원구 번영1로 45 (성곡동),37.319899446982,126.735823119242
394,경기재난본부,안산소방서,사동,경기도 안산시 상록구 항가울로 230 (사동),37.300852612644,126.843649279599
395,경기재난본부,안산소방서,대부,경기도 안산시 단원구 영전로 375 (대부동동),37.2402702028901,126.617851099938
396,경기재난본부,안산소방서,반월,경기도 안산시 상록구 건지미길 48 (건건동),37.3030077823494,126.905538102688
397,경기재난본부,용인소방서,역북,경기도 용인시 처인구 명지로 45 (역북동),37.2321556319159,127.189884611282
398,경기재난본부,용인소방서,구갈,경기도 용인시 기흥구 신구로 74 (구갈동),37.2789266876168,127.109867687126
399,경기재난본부,용인소방서,수지,경기도 용인시 수지구 풍덕천로 177 (풍덕천동),37.3260498412624,127.100155394608
400,경기재난본부,용인소방서,양지,경기도 용인시 처인구 양지면 남평로 46 (남곡리),37.2300889185434,127.288921879735
401,경기재난본부,용인소방서,남사,경기도 용인시 처인구 남사면 봉무로 13 (봉무리),37.1154285519964,127.15226588343
402,경기재난본부,용인소방서,포곡,경기도 용인시 처인구 포곡읍 포곡로 252 (삼계리),37.2776622890736,127.230035112665
403,경기재난본부,용인소방서,이동,경기도 용인시 처인구 이동면 백옥대로 416-2 (덕성리),37.1744704589177,127.204263956227
404,경기재난본부,용인소방서,보정,경기도 용인시 기흥구 보정로 114번길 2 (보정동),37.3196817006967,127.115852904973
405,경기재난본부,용인소방서,백암,경기도 용인시 처인구 백암면 백암로 247 (백암리),37.1677158778686,127.371362882119
406,경기재난본부,용인소방서,동백,경기도 용인시 기흥구 동백6로 33 (중동),37.277723668565,127.155212968898
407,경기재난본부,용인소방서,모현,경기도 용인시 처인구 모현면 독점로 31-12 (갈담리),37.3292087399888,127.241566290682
408,경기재난본부,평택소방서,비전,경기도 평택시 중앙로 273 (비전동),36.9904544831465,127.112846579541
409,경기재난본부,평택소방서,안중,경기도 평택시 안중읍 안현로서7길 28 (현화리),36.9818397799278,126.92442361996
410,경기재난본부,평택소방서,팽성,경기도 평택시 팽성읍 팽성송화로 172 (송화리),36.9621334397638,127.059104967917
411,경기재난본부,평택소방서,포승,경기도 평택시 포승읍 평택항로 156번길 11 (만호리),36.9738585510612,126.845441314086
412,경기재난본부,송탄소방서,신장,경기도 평택시 경기대로 1627 (신장동),37.0896975029585,127.062222203127
413,경기재난본부,송탄소방서,진위,경기도 평택시 진위면 봉남길 30,37.1009275346029,127.087332319574
414,경기재난본부,송탄소방서,모곡,경기도 평택시 산단로64번길 2 (모곡동),37.0368089834677,127.077065708167
415,경기재난본부,송탄소방서,서탄,경기도 평택시 서탄면 서탄로 241,37.1058403737273,127.03710146001
416,경기재난본부,송탄소방서,고덕,경기도 평택시 고덕면 고덕로 335,37.045945052625,127.02123595581
417,경기재난본부,송탄소방서,청북,경기도 평택시 청북면 현곡산단로 16,37.0337297267315,126.939209985828
418,경기재난본부,광명소방서,소하,경기도 광명시 금하로 472 (소하동),37.4486869393606,126.885215428438
419,경기재난본부,광명소방서,광명,경기도 광명시 사성로 12 (광명동),0,0
420,경기재난본부,광명소방서,하안,경기도 광명시 범안로 1025 (하안동),37.4615077485066,126.877094070067
421,경기재난본부,광명소방서,광남,경기도 광명시 목감로 34 (광명동),37.4714777854294,126.845605135979
422,경기재난본부,시흥소방서,시흥,경기도 시흥시 정왕신길로 206 (정왕동),37.349561429997,126.739531631495
423,경기재난본부,시흥소방서,은행,경기도 시흥시 은행동 대은로 4 (은행동),37.4393655399614,126.793289026629
424,경기재난본부,시흥소방서,정왕,경기도 시흥시 공단1대로 259번길 1 (정왕동),37.3355707834922,126.729716964601
425,경기재난본부,시흥소방서,연성,경기도 시흥시 새재로 29 (장현동),37.381903084479,126.802937551443
426,경기재난본부,군포소방서,오금,경기도 군포시 고산로 429 (산본동),37.3525682799092,126.927119503192
427,경기재난본부,군포소방서,산본,경기도 군포시 산본로 432번길 1 (산본동),37.368280216661,126.927271726196
428,경기재난본부,화성소방서,향남,경기도 화성시 향남읍 향남로 399 (행정리),37.1310105683569,126.920621081185
429,경기재난본부,화성소방서,정남,경기도 화성시 정남면 정남동로 514 (고지리),37.1650970946765,127.00228093467
430,경기재난본부,화성소방서,동탄,경기도 화성시 동탄반석로 188 (반송동),37.2054620517204,127.072089494276
431,경기재난본부,화성소방서,태안,경기도 화성시 병점중앙로 148 (진안동),37.2111789656722,127.038996719416
432,경기재난본부,화성소방서,남양,경기도 화성시 남양시장로 48 (남양동),37.2087221851313,126.814669889363
433,경기재난본부,화성소방서,봉담,경기도 화성시 봉담읍 샘마을1길 9 (상리),37.2193489428576,126.949928191649
434,경기재난본부,화성소방서,장안,경기도 화성시 장안면 3.1만세로 119 (어은리),37.0863476379114,126.826112766551
435,경기재난본부,화성소방서,목동,경기도 화성시 동탄2지구 공공8블럭 ,0,0
436,경기재난본부,이천소방서,관고,경기도 이천시 경충대로 2739 (관고동),37.2820570899899,127.431582019057
437,경기재난본부,이천소방서,대월,경기도 이천시 경충대로 1973 (사동리),37.2435670875158,127.497398274234
438,경기재난본부,이천소방서,장호원,경기도 이천시 장호원읍 서동대로 8829번길 71 (장호원리),37.1170767191171,127.614731641638
439,경기재난본부,김포소방서,중앙,경기도 김포시 감암로 111 (걸포동),37.6415655279945,126.7085359654
440,경기재난본부,김포소방서,양촌,경기도 김포시 양촌읍 양곡1로 85 (양곡리),37.6581110552064,126.622327912508
441,경기재난본부,김포소방서,통진,경기도 김포시 통진읍 김포대로 2250 (마송리),37.6906614612924,126.596328841226
442,경기재난본부,김포소방서,고촌,경기도 김포시 고촌읍 은행영사정로 31 (신곡리),37.6023740300638,126.773758886841
443,경기재난본부,김포소방서,하성,경기도 김포시 하성면 하성로 404 (마곡리),37.7112774859604,126.637666084616
444,경기재난본부,김포소방서,대곶,경기도 김포시 대곶면 수남로 104,37.633475202913,126.582481793136
445,경기재난본부,김포소방서,마산,경기도 김포시 김포한강8로 196,37.6396597030133,126.644319128034
446,경기재난본부,광주소방서,초월,경기도 광주시 초월읍 무들로 112 (대쌍령리),37.3855769959122,127.299505970502
447,경기재난본부,광주소방서,경안,경기도 광주시 수하길 36 (송정동),37.414802257586,127.264400372608
448,경기재난본부,광주소방서,오포,경기도 광주시 오포읍 오포로 910-5 (고산리),37.3714162221803,127.233556451845
449,경기재난본부,광주소방서,곤지암,경기도 광주시 곤지암읍 도척로 163 (곤지암리),37.3377287991168,127.336812145626
450,경기재난본부,광주소방서,능평,경기도 광주시 오포읍 대명대길 30 (능평리),37.3572271468848,127.168760227276
451,경기재난본부,안성소방서,도기,경기도 안성시 미양로 855 (도기동),37.000699863573,127.255784181787
452,경기재난본부,안성소방서,미양,경기도 안성시 미양면 제2공단3길 8 (계륵리),36.9775506048715,127.260519116241
453,경기재난본부,안성소방서,죽산,경기도 안성시 죽산면 장원공단길 38 (장원리),37.06805785599,127.42395333655
454,경기재난본부,안성소방서,공도,경기도 안성시 공도읍 공도로 111 (만정리),37.0008203885791,127.17311335385
455,경기재난본부,하남소방서,신장,경기도 하남시 대청로 76 (신장동),37.539901048563,127.22042336185
456,경기재난본부,하남소방서,감북,경기도 하남시 감북로 91 (광암동),0,0
457,경기재난본부,하남소방서,덕풍,경기도 하남시 덕풍서로 60 (덕풍동),37.5522687942907,127.204485502633
458,경기재난본부,의왕소방서,고천,경기도 의왕시 오봉로 9 (고천동),37.3441994554514,126.974761209112
459,경기재난본부,의왕소방서,백운,경기도 의왕시 안양판교로 187 (청계동),37.3904788127938,126.992611211165
460,경기재난본부,의왕소방서,오전,경기도 의왕시 경수대로 344 (오전동),37.356321947844,126.968568850059
461,경기재난본부,오산소방서,청학,경기도 오산시 청학로 55-6 (청학동),37.1547073565701,127.063908310447
462,경기재난본부,오산소방서,원동,경기도 오산시 경기대로 99 (원동),37.1336252291928,127.072257851627
463,경기재난본부,여주소방서,여주,경기도 여주시 우암로 110 (월송동),37.2916679914385,127.625804145534
464,경기재난본부,여주소방서,가남,경기도 여주시 가남면 일신로 32 (태평리),37.213433617104,127.543507049653
465,경기재난본부,여주소방서,북내,경기도 여주시 북내면 도예로 440 (당우리),37.3247161360094,127.677886876649
466,경기재난본부,양평소방서,공흥,경기도 양평군 양평읍 경강로 2047 (공흥리),37.5003379879327,127.507338915387
467,경기재난본부,양평소방서,강상,경기도 양평군 강상면 송학길 54 (송학리),37.4803451220548,127.478213938883
468,경기재난본부,양평소방서,용문,경기도 양평군 용문면 연수로 64 (다문리),37.493025248872,127.590302758126
469,경기재난본부,과천소방서,중앙,경기도 과천시 통영로 12 (중앙동),37.4285643268157,126.990524193228
470,경기재난본부,과천소방서,과천,경기도 과천시 궁말로 30 (주암동),37.4424090265084,127.008850386329
471,경기북부소방재난본부,고양소방서,원당,경기도 고양시 덕양구 고양대로 1342,37.6550890289514,126.833202720242
472,경기북부소방재난본부,고양소방서,능곡,경기도 고양시 덕양구 토당로 48,37.6202740111111,126.820728358795
473,경기북부소방재난본부,고양소방서,신도,경기도 고양시 덕양구 삼송로136번길 80-6,37.6524568673538,126.893142146635
474,경기북부소방재난본부,고양소방서,행신,경기도 고양시 덕양구 소원로181번길 52,37.6151826502824,126.843413597695
475,경기북부소방재난본부,고양소방서,화전,경기도 고양시 덕양구 중앙로 78,37.5964996136002,126.877092734813
476,경기북부소방재난본부,일산소방서,장항,경기도 고양시 일산동구 중앙로 1325 ,37.663282370918,126.769626641595
477,경기북부소방재난본부,일산소방서,백석,경기도 고양시 일산동구 장백로 78,37.6442126042292,126.785013583628
478,경기북부소방재난본부,일산소방서,주엽,경기도 고양시 일산서구 주화로 82,37.6702253670299,126.759100503613
479,경기북부소방재난본부,일산소방서,중산,경기도 고양시 일산동구 중산로 218,37.6913911783842,126.780508150169
480,경기북부소방재난본부,일산소방서,고봉,경기도 고양시 일산동구 성현로 429,37.6993610106387,126.830669626875
481,경기북부소방재난본부,일산소방서,대화,경기도 고양시 일산서구 대화동 2321-2,37.6789966302298,126.7419669518
482,경기북부소방재난본부,의정부소방서,중앙,경기도 의정부시 의정로 48 ,37.7371559646345,127.035361042324
483,경기북부소방재난본부,의정부소방서,금오,경기도 의정부시 호국로 1434-14,37.7493755422697,127.061276375394
484,경기북부소방재난본부,의정부소방서,호원,경기도 의정부시 평화로 322번길 7,37.7207991573567,127.048184065127
485,경기북부소방재난본부,의정부소방서,송산,경기도 의정부시 충의로 90,37.7397958287481,127.086542605958
486,경기북부소방재난본부,남양주소방서,평내,경기도 남양주시 평내로 25 ,37.6433215355939,127.232240174107
487,경기북부소방재난본부,남양주소방서,진접,경기도 남양주시 진접읍 금강로 1509-25,37.7255635615024,127.189731694104
488,경기북부소방재난본부,남양주소방서,진건,경기도 남양주시 진건읍 진건오남로 112-21,37.6601477964371,127.180251809493
489,경기북부소방재난본부,남양주소방서,화도,경기도 남양주시 화도읍 수레로 1260번길 25,37.650092392259,127.30480478415
490,경기북부소방재난본부,남양주소방서,와부,경기도 남양주시 와부읍 덕소로 97번길 34-2,37.5857908381608,127.216205219335
491,경기북부소방재난본부,남양주소방서,별내,경기도 남양주시 송산로 41,37.6459361143048,127.1298305898
492,경기북부소방재난본부,남양주소방서,오남,경기도 남양주시 오남읍 진건오남로 772,37.6968421497046,127.20575965489
493,경기북부소방재난본부,남양주소방서,가운,경기도 남양주시 가운로 16,37.604864008536,127.15839565181
494,경기북부소방재난본부,파주소방서,통일,파주시 파주읍 통일로 1564,37.8474853191245,126.789496685703
495,경기북부소방재난본부,파주소방서,금촌,경기도 파주시 가나무로 136 ,37.7538681992964,126.78043367177
496,경기북부소방재난본부,파주소방서,법원,경기도 파주시 법원읍 화합로 141,37.8467995768885,126.882419089365
497,경기북부소방재난본부,파주소방서,광탄,경기도 파주시 광탄면 혜음로 1040 ,37.7757791138266,126.851304160625
498,경기북부소방재난본부,파주소방서,탄현,경기도 파주시 탄현면 필승로 458 ,37.7814103774845,126.687323365717
499,경기북부소방재난본부,파주소방서,월롱,경기도 파주시 월롱면 엘씨디로 310 ,37.8152239180462,126.752577134544
500,경기북부소방재난본부,파주소방서,교하,경기도 파주시 청석로 301 ,37.7290174191164,126.717243414825
501,경기북부소방재난본부,파주소방서,적성,경기도 파주시 적성면 감악산로 1220 ,37.9555396819303,126.928374733953
502,경기북부소방재난본부,파주소방서,운정,경기도 파주시 야당동 1003-2,37.7118381245211,126.749743762205
503,경기북부소방재난본부,구리소방서,교문,"경기도 구리시 아차산로 487번길 46, 교문119안전센터",37.598289965826,127.127832898903
504,경기북부소방재난본부,구리소방서,인창,"경기도 구리시 건원대로 34번길 28, 인창119안전센터",37.6041917488132,127.141920629033
505,경기북부소방재난본부,포천소방서,군내,경기도 포천시 군내면 호국로 1538,37.8913495611211,127.202615939326
506,경기북부소방재난본부,포천소방서,소흘,경기도 포천시 소흘읍 송우로 182(송우리 576-1),37.8360945080896,127.13174003256
507,경기북부소방재난본부,포천소방서,영북,경기도 포천시 영북면 영북로 144,38.087120511956,127.275438779423
508,경기북부소방재난본부,포천소방서,일동,경기도 포천시 일동면 영일로 978,37.9480490250794,127.309969366675
509,경기북부소방재난본부,포천소방서,가산,경기도 포천시 포천로 890,37.8484965104987,127.194491734205
510,경기북부소방재난본부,포천소방서,내촌,경기도 포천시 내촌면 내촌로 120,37.7904317665101,127.230477025699
511,경기북부소방재난본부,포천소방서,영중,경기도 포천시 영중면 양문로 66,37.9985156571718,127.242747776886
512,경기북부소방재난본부,양주소방서,백석,양주시 백석읍 꿈나무로 156,37.7958712056516,126.989398283979
513,경기북부소방재난본부,양주소방서,회천,양주시 화합로 1272,37.8461677292825,127.055589223047
514,경기북부소방재난본부,양주소방서,광적,양주시 광적면 광적로 55,37.8234592178815,126.981568127586
515,경기북부소방재난본부,양주소방서,고읍,양주시 고덕로 266,37.8019131551347,127.069887658369
516,경기북부소방재난본부,양주소방서,남면,양주시 남면 삼육사로 247,37.9017388836514,126.98646473674
517,경기북부소방재난본부,양주소방서,장흥,양주시 장흥면 일영로 794,37.71204557241,126.936247198876
518,경기북부소방재난본부,동두천소방서,불현,경기도 동두천시 지행로 6(지행동),37.8922636252089,127.047600860923
519,경기북부소방재난본부,동두천소방서,소요,경기도 동두천시 평화로 2910번길 65(상봉암동),37.9464015597105,127.065130915744
520,경기북부소방재난본부,가평소방서,가평,가평군 가평읍 가화로 36,37.8232629218916,127.516447204938
521,경기북부소방재난본부,가평소방서,조종면,가평군 조종면 현창로 14,37.8161627372582,127.349804751171
522,경기북부소방재난본부,연천소방서,은대,경기도 연천군 전곡읍 평화로 892,38.0483966082738,127.068494670454
523,경기북부소방재난본부,연천소방서,전곡,경기도 연천군 전곡읍 전곡로 27,38.0162295654075,127.071945296893
524,경기북부소방재난본부,연천소방서,연천,경기도 연천군 연천읍 차현로 92,38.0994359467987,127.076812710753
525,강원소방본부,춘천소방서,현장대응과(후평),강원도 춘천시 후석로 446,37.88938085608,127.743321389286
526,강원소방본부,춘천소방서,소양,강원도 춘천시 금강로 15,0,0
527,강원소방본부,춘천소방서,춘천_효자,강원도 춘천시 효명길 8,37.8710253658566,127.726384162099
528,강원소방본부,춘천소방서,석사,강원도 춘천시 동내면 고은길9,37.8461967013743,127.771148195435
529,강원소방본부,춘천소방서,강촌,강원도 춘천시 남산면 소주고개로 680,37.7852146030254,127.647538655395
530,강원소방본부,춘천소방서,신북,강원도 춘천시 신북읍 신북로 35,37.9284575568303,127.751267006327
531,강원소방본부,춘천소방서,화천,강원도 춘천시 화천군 화천읍 강변로 155,0,0
532,강원소방본부,춘천소방서,사내,강원도 춘천시 화천군 사내면 문화마을 1길 6,0,0
533,강원소방본부,춘천소방서,양구,강원도 춘천시 양구군 양구읍 비봉로 73번길 12,0,0
534,강원소방본부,원주소방서,현장대응과(명륜),강원도 원주시 남원로 487,37.3282289800628,127.944075505492
535,강원소방본부,원주소방서,원주_우산,강원도 원주시 우산동 우산공단길 9,37.374095744699,127.941824631642
536,강원소방본부,원주소방서,단구,강원도 원주시 단구동 강변로 255,37.3305016864797,127.961469748645
537,강원소방본부,원주소방서,원주_신림,강원도 원주시 신림면 치악로 27,37.2297480513986,128.079042773176
538,강원소방본부,원주소방서,학성,강원도 원주시 학성동 학성길 122,37.3536937756547,127.944844680219
539,강원소방본부,원주소방서,태장,강원도 원주시 태장동 태장공단길 4,37.4015076571564,127.95263408993
540,강원소방본부,원주소방서,문막,강원도 원주시 문막읍 문막시장1길 90,37.3034689375246,127.814528255632
541,강원소방본부,원주소방서,흥업,강원도 원주시 귀래면 북원로 53-5,37.1660626837078,127.884163403367
542,강원소방본부,강릉소방서,현장대응과(유산),강원도 강릉시 선수천로 64-28,0,0
543,강원소방본부,강릉소방서,경포,강원도 강릉시 해안로 502,37.8050185271935,128.90519519659
544,강원소방본부,강릉소방서,내곡,강원도 강릉시 범일로 660,37.7448384670065,128.884699084162
545,강원소방본부,강릉소방서,주문진,강원도 강릉시 연곡면 연주로 226,37.8740279545701,128.831596005583
546,강원소방본부,강릉소방서,포남,강원도 강릉시 하평2길 23,37.7723137257484,128.912905980189
547,강원소방본부,강릉소방서,강릉_옥계,강원도 강릉시 옥계면 현내시장길 163,37.6023230229975,129.030129159797
548,강원소방본부,동해소방서,현장대응과(천곡),강원도 동해시 천곡로 120,37.5245211709504,129.118870832579
549,강원소방본부,동해소방서,묵호,강원도 동해시 일출로 29,37.5516043682953,129.110657146281
550,강원소방본부,동해소방서,북삼,강원도 동해시 효자남길 33-10,37.4892996155971,129.106876823229
551,강원소방본부,동해소방서,북평,강원도 동해시 공단1로 21,37.4715245730249,129.142924875975
552,강원소방본부,태백소방서,현장대응과(황지),강원도 태백시 태백로 1120,37.158538174268,128.989323090733
553,강원소방본부,태백소방서,태백_장성,강원도 태백시 석공길 16-9,37.1034269434401,129.008027822054
554,강원소방본부,태백소방서,철암,강원도 태백시 동태백로 552,37.1210275226656,129.044157280554
555,강원소방본부,태백소방서,화전,강원도 태백시 태백로 814,37.1806082042806,128.984246479299
556,강원소방본부,속초소방서,현장대응과(노학),강원도 속초시 미시령로 3226,38.2036377300564,128.560137074218
557,강원소방본부,속초소방서,영랑,강원도 속초시 동해대로 4219,38.1960681139301,128.577106441298
558,강원소방본부,속초소방서,설악,강원도 속초시 청봉로5길 37,38.1660722815352,128.525448701027
559,강원소방본부,삼척소방서,현장대응과(남양),강원도 삼척시 봉황로 101,37.4463954179999,129.171235523588
560,강원소방본부,삼척소방서,도계,강원도 삼척시 도계읍 도계강변3길 16,37.2408521665702,129.045749995389
561,강원소방본부,삼척소방서,근덕,강원도 삼척시 근덕면 교가길 37,37.3801674933533,129.228087009747
562,강원소방본부,삼척소방서,원덕,강원도 삼척시 원덕읍 삼척로 504,37.1800998244018,129.330125373231
563,강원소방본부,홍천소방서,현장대응과(홍천),강원도 홍천군 홍천읍 공작산로 99,37.691331796649,127.902289669399
564,강원소방본부,홍천소방서,양덕원,강원도 홍천군 남면 시동로 38,0,0
565,강원소방본부,홍천소방서,서석,강원도 홍천군 서석면 구룡령로 2512,37.7129162166831,128.184155637805
566,강원소방본부,횡성소방서,방호구조과(횡성),강원도 횡성군 횡성읍 문예로 157,37.4853785244604,127.973961102323
567,강원소방본부,횡성소방서,둔내,강원도 횡성군 둔내면 고원남로 42,37.5065461150453,128.212301399289
568,강원소방본부,횡성소방서,우천,강원도 횡성군 우천면 서동로 199,37.4473933631567,128.075088267768
569,강원소방본부,영월소방서,방호구조과(영월),강원도 영월군 영월읍 영월로 1863,37.1853910083386,128.458431890208
570,강원소방본부,영월소방서,주천,강원도 영월군 송학주천로 1467-15,37.2748081920503,128.269768022504
571,강원소방본부,영월소방서,영월_중동,강원도 영월군 중동면 응고개길 10-17,37.1425496626982,128.679805921633
572,강원소방본부,평창소방서,현장대응과(평창),강원도 평창군 평창읍 살구실길 10,37.3782375469929,128.389301962264
573,강원소방본부,평창소방서,진부,강원도 평창군 진부면 진부로 37,37.6447420889305,128.56743904201
574,강원소방본부,평창소방서,봉평,강원도 평창군 봉평면 기풍로 107-6,37.6124188749048,128.377677449255
575,강원소방본부,평창소방서,대화,강원도 평창군 대화면 평창대로 934,37.5031124596024,128.454298600943
576,강원소방본부,평창소방서,대관령,강원도 평창군 대관령면 올림픽로 62-20,37.6725489882749,128.701221003142
577,강원소방본부,정선소방서,방호구조과(정선),강원도 정선군 녹송로 27,37.3796652166046,128.671902742967
578,강원소방본부,정선소방서,신동,강원도 정선군 신동읍 의림로 342,37.2208475979562,128.647180388732
579,강원소방본부,정선소방서,고한,강원도 정선군 고한읍 강원남로 6455,37.1949422896545,128.869909423294
580,강원소방본부,정선소방서,임계,강원도 정선군 임계면 송계4길 9,37.4953444700744,128.852896870942
581,강원소방본부,정선소방서,사북,강원도 정선군 사북읍 하이원길 29,37.2241752093965,128.815628622736
582,강원소방본부,철원소방서,방호구조과(갈말),강원도 철원군 갈말읍 태봉로 1504,38.1855620179527,127.323759772258
583,강원소방본부,철원소방서,동송,강원도 철원군 동송읍 금학로 251길 17,0,0
584,강원소방본부,철원소방서,김화,강원도 철원군 서면 약수로 76,38.2454260530422,127.435409376918
585,강원소방본부,철원소방서,갈말,강원도 철원군 갈말읍 명성로 229,38.1525785383499,127.307223354955
586,강원소방본부,인제소방서,방호구조과(인제),강원도 인제군 인제읍 비봉로 44번길 71,38.0613534759034,128.168634352287
587,강원소방본부,인제소방서,원통,강원도 인제군 북면 원통로 276,0,0
588,강원소방본부,인제소방서,기린,강원도 인제군 기린면 내린천로 4100,37.9616361804769,128.320661182997
589,강원소방본부,고성소방서,방호구조과(간성),강원도 고성군 간성읍 수성로 37-11,38.3769106182825,128.473886001574
590,강원소방본부,고성소방서,동광,강원도 고성군 토성면 동해대로 5320,38.2811717246975,128.549201494391
591,강원소방본부,고성소방서,거진,강원도 고성군 거진읍 수외길 19,38.4410443970297,128.452644298617
592,강원소방본부,양양소방서,방호구조과(양양),강원도 양양군 양양읍 남대천로 33,38.0674087077173,128.622504088506
593,강원소방본부,양양소방서,현남북,강원도 양양군 현북면 동해대로 1115-33,0,0
594,충북소방본부,동부소방서_충북,동부(충북)_중앙,충북 청주시 상당구 영운로 61,36.6209871240507,127.494864257422
595,충북소방본부,동부소방서_충북,율량,충북 청주시 청원구 율봉로202번길 66-2,36.6658372165283,127.490502732605
596,충북소방본부,동부소방서_충북,북문,충북 청주시 상당구 상당로 168,36.6432859557195,127.489969778533
597,충북소방본부,동부소방서_충북,문의,충북 청주시 상당구 문의면 문의시내1길 8,36.5173125658655,127.496552238884
598,충북소방본부,동부소방서_충북,내수,충북 청주시 청원구 내수읍 청암로80,36.7245916654404,127.539041229202
599,충북소방본부,동부소방서_충북,오창,충북 청주시 청원구 오창읍 중심상업2로 30,36.7127808430325,127.43242299307
600,충북소방본부,서부소방서_충북,서부(충북)_중앙,충북 청주시 흥덕구 가경로 143,36.6272637092883,127.437041756427
601,충북소방본부,서부소방서_충북,복대,충북 청주시 흥덕구 공단로 93,0,0
602,충북소방본부,서부소방서_충북,서부(충북)_남부,충북 청주시 서원구 산미로 70,36.6039606364321,127.470425211909
603,충북소방본부,서부소방서_충북,서부(충북)_사직,충북 청주시 서원구 사직대로 229,36.6378561174586,127.472344782474
604,충북소방본부,서부소방서_충북,남이,충북 청주시 서원구 청남로 866,36.5307207457602,127.428778359369
605,충북소방본부,서부소방서_충북,오송,층북 청주시 흥덕구 오송생명3로 71-5,0,0
606,충북소방본부,충주소방서,충주_중앙,충북 충주시 목행산단7로 9,37.0032675482885,127.920269935405
607,충북소방본부,충주소방서,충주_남부,충북 충주시 호암대로 13,36.9592440836199,127.927946570194
608,충북소방본부,충주소방서,수안보,충북 충주시 수안보면 관동길 9-7,36.8470877274937,127.994099199159
609,충북소방본부,충주소방서,주덕,충북 충주시 주덕읍 산양로 35,0,0
610,충북소방본부,충주소방서,앙성,충북 충주시 앙성면 가곡로 1019,37.1086918711394,127.752254976212
611,충북소방본부,충주소방서,연수,충북 충주시 연수동 454-30,0,0
612,충북소방본부,제천소방서,제천_중앙,충북 제천시 신죽하로 164,37.1606175736619,128.212852159945
613,충북소방본부,제천소방서,화산,충북 제천시 강명길 17,37.1186646461721,128.20408651415
614,충북소방본부,제천소방서,제천_봉양,충북 제천시 봉양읍 북부로1433,37.1315671640659,128.128630418582
615,충북소방본부,보은소방서,보은_중앙,충북 보은군 보은읍 남부로 4415,36.4769727989803,127.722057360606
616,충북소방본부,보은소방서,속리산,충북 보은군 속리산면 법주사로 278,36.5320794200376,127.8238127313
617,충북소방본부,보은소방서,구병산,충북 보은군 마로면 관기 송현로 78 ,36.4355927250164,127.817470942479
618,충북소방본부,옥천소방서,옥천_중앙,충북 옥천군 옥천읍 중앙로 132,36.3079629847793,127.57419908724
619,충북소방본부,옥천소방서,청산,충북 옥천군 청산면 남부로 2306,36.3450498807999,127.781322829396
620,충북소방본부,영동소방서,영동_중앙,충북 영동군 영동읍 영동황간로 174,36.1656380190708,127.789063504952
621,충북소방본부,영동소방서,황간,충북 영동군 황간면 황간로 132,36.235319318584,127.903826356805
622,충북소방본부,증평소방서,증평_중앙,증평군 증평읍 충청대로 1789,36.7881702168631,127.584017580065
623,충북소방본부,진천소방서,진천_중앙,충북 진천군 진천읍 진광로 93,36.8726674636512,127.441141919647
624,충북소방본부,진천소방서,광혜원,충북 진천군 광혜원면 화랑길 99,36.9918164728127,127.436670261932
625,충북소방본부,진천소방서,진천_덕산,충북 진천군 덕산면 초금로 606-1,36.8992837232293,127.51066289333
626,충북소방본부,괴산소방서,괴산_중앙,충북 괴산군 괴강로 69,36.807584372708,127.801430897809
627,충북소방본부,괴산소방서,청천,충북 괴산군 청청면 선평길 78-9,0,0
628,충북소방본부,음성소방서,음성_중앙,충북 음성군 금왕읍 응천서길 11,36.9893274171386,127.594995379437
629,충북소방본부,음성소방서,음성,충북 음성군 음성읍 음성로 122,36.9303827193708,127.678527588952
630,충북소방본부,음성소방서,대소,충북 음성군 대소면 오산로 74,36.9695719867573,127.486002927731
631,충북소방본부,음성소방서,감곡,충북 음성군 감곡면 음성로 2652,37.1123930394712,127.643766832459
632,충북소방본부,단양소방서,단양_중앙,충북 단양군 단양읍 중앙1로 29 ,36.9861852353487,128.367799753894
633,충북소방본부,단양소방서,매포,충북 단양군 매포읍 평동4로 79 ,37.0311150603238,128.294829644835
634,충남소방본부,천안동남소방서,구성,충남 천안시 동남구 천안대로 580,36.7998732459904,127.165347212185
635,충남소방본부,천안동남소방서,청당,충남 천안시 동남구 광덕면 신흥리1길 148,36.7006206699426,127.11085867835
636,충남소방본부,천안동남소방서,독립,충남 천안시 동남구 목천읍 삼방로 95,0,0
637,충남소방본부,천안동남소방서,병천,충남 천안시 동남구 병천면 아우내순대길 78,36.7642350401251,127.301040174552
638,충남소방본부,천안동남소방서,풍세,2018년 개서 예정,0,0
639,충남소방본부,천안서북소방서,차암,충남 천안시 서북구 직산읍 4산단 2길 32,36.8625941974363,127.11607293986
640,충남소방본부,천안서북소방서,성거,충남 천안시 서북구 성거읍 천흥8길 11,36.8833100924507,127.207879713469
641,충남소방본부,천안서북소방서,서부,충남 천안시 서북구 양지18길 22,36.812261613658,127.138790899248
642,충남소방본부,천안서북소방서,두정,충남 천안시 서북구 성정동 1공단 2길 16,36.8276640948438,127.146595898476
643,충남소방본부,천안서북소방서,성환,충남 천안시 서북구 성환읍 성환1로 395,36.9276617167886,127.131170952803
644,충남소방본부,천안서북소방서,쌍용,충남 천안시 서북구 월봉로 78,36.7975959000237,127.118315482405
645,충남소방본부,천안서북소방서,입장,충남 천안시 서북구 망향로 1107,36.9090362182185,127.227266069173
646,충남소방본부,천안서북소방서,직산,2018년 개서 예정,0,0
647,충남소방본부,천안서북소방서,불당,2018년 개서 예정,0,0
648,충남소방본부,공주소방서,공주_교동,충남 공주시 무령로 55,36.4594491772586,127.108349702415
649,충남소방본부,공주소방서,유구,충남 공주시 유구읍 유구외곽로 368,36.5399483740016,126.945955254781
650,충남소방본부,공주소방서,신관,충남 공주시 의당로 31,36.4748854002002,127.129817940747
651,충남소방본부,공주소방서,동학사,충남 공주시 반포면 동학사1로 110,36.3637423752592,127.254004696807
652,충남소방본부,공주소방서,공주_계룡,충남 공주시 계룡면 월암송정길 18,36.3613323711943,127.141429227594
653,충남소방본부,보령소방서,죽정,충남 보령시 대천로 122,36.3563529524553,126.605668296341
654,충남소방본부,보령소방서,신흑,충남 보령시 대천항로 205,36.3167558401613,126.514333899208
655,충남소방본부,보령소방서,웅천,충남 보령시 웅천읍 충서로 947,36.2351111846094,126.597154027456
656,충남소방본부,보령소방서,오천,충남 보령시 오천면 소성안길 47,36.4385995913649,126.521994875841
657,충남소방본부,보령소방서,주포,충남 보령시 주포면 질재로 47-16,36.4152907024938,126.587587731956
658,충남소방본부,아산소방서,모종,충남 아산시 문화로 293,36.7867028392896,127.016322710136
659,충남소방본부,아산소방서,둔포,충남 아산시 둔포면 충무로 1848,36.9313796295363,127.042834341877
660,충남소방본부,아산소방서,신창,충남 아산시 신창면 순천향로 48,36.7711279050551,126.935350075893
661,충남소방본부,아산소방서,인주,충남 아산시 인주면 공세길 19,36.8804927684176,126.910007531593
662,충남소방본부,아산소방서,배방,충남 아산시 배방읍 배방로 38,36.7738896259802,127.053636898851
663,충남소방본부,아산소방서,탕정,충남 아산시 탕정면 탕정로 26,0,0
664,충남소방본부,아산소방서,장재,2018년 개서 예정,0,0
665,충남소방본부,서산소방서,서산_예천,충남 서산시 호수공원 14로 26-4(예천동),36.7733031726105,126.4449059337
666,충남소방본부,서산소방서,서산_대산,충남 서산시 대산읍 망일산로 831-15,36.9408502619711,126.439533054837
667,충남소방본부,서산소방서,서산_동부,충남 서산시 학동3로53(동문동),36.7900374152694,126.459211444379
668,충남소방본부,서산소방서,해미,충남 서산시 해미면  성지3길 33,36.710091706479,126.542593318483
669,충남소방본부,서산소방서,부석,충남 서산시 부석면 강경벌로 10,36.7174952340967,126.393683859575
670,충남소방본부,서산소방서,성연,충남 서산시 성연면 일람리 1071,36.8259856128959,126.446923967664
671,충남소방본부,논산소방서,논산_내동,충남 논산시 대학로 17,36.1782807539474,127.100382138691
672,충남소방본부,논산소방서,반월,충남 논산시 해월로 153-1,36.2044641694135,127.084131191221
673,충남소방본부,논산소방서,강경,충남 논산시 강경읍 동안로 3,36.1578059769466,127.018248524323
674,충남소방본부,논산소방서,연무,충남 논산시 연무읍 동안로 1137,36.1265218841546,127.128254920562
675,충남소방본부,논산소방서,논산_연산,충남 논산시 연산면 관창로 54,36.212464884883,127.182784242012
676,충남소방본부,계룡소방서,계룡,충남 계룡시 두마면 사계로 170,36.2619691699309,127.274435394983
677,충남소방본부,계룡소방서,엄사,2018년 개서 예정,0,0
678,충남소방본부,당진소방서,당진,충남 당진시 역천로 838(채운동),36.8856483347998,126.61793640797
679,충남소방본부,당진소방서,합덕,충남 당진시 우강면 중방로 2,36.8128206829239,126.766655079421
680,충남소방본부,당진소방서,송악,충남 당진시 송악읍 송악로 1019,36.9601634612793,126.768307908957
681,충남소방본부,당진소방서,석문,충남 당진시 석문면 보덕포로 1069-21,36.9851112795467,126.588500463136
682,충남소방본부,당진소방서,당진_신평,충남 당진시 신평면 신평길 133,36.8810740992264,126.777149726958
683,충남소방본부,당진소방서,기지시,충남 당진시 송악읍 틀모시로 844,36.9084943848706,126.690828751257
684,충남소방본부,금산소방서,금산_금산,충남 금산군 금산읍 삼풍로 2,36.0999076458234,127.480100253874
685,충남소방본부,금산소방서,추부,충남 금산군 추부면 삼육로 47,36.1939741926507,127.468250142168
686,충남소방본부,금산소방서,복진,충남 금산군 진산면 읍내로 47-1,36.1432247823966,127.368369697572
687,충남소방본부,부여소방서,백제,충남 부여군 규암면 계백로 17,36.2749920555628,126.882238818803
688,충남소방본부,부여소방서,사비,충남 부여군 부여읍 북포로 29,36.2858916775802,126.926955710646
689,충남소방본부,부여소방서,임천,충남 부여군 임천면 성흥로 179번길 1,36.1841632527781,126.896509202901
690,충남소방본부,부여소방서,홍산,충남 부여군 홍산면 북토로 89,36.2182278906827,126.755399745384
691,충남소방본부,부여소방서,외산,충남 부여군 외산면 만수로 235,36.3020170126355,126.705833631417
692,충남소방본부,서천소방서,서천_장항,충남 서천군 장항읍 장항로 37,36.0134996895688,126.683024430603
693,충남소방본부,서천소방서,서천,충남 서천군 서천읍 충절로49번길 33-8,36.0769103899706,126.688609519362
694,충남소방본부,서천소방서,한산,충남 서천군 한산면 충절로 1164,36.0831147555616,126.806212092479
695,충남소방본부,서천소방서,비인,충남 서천군 비인면 비인로 141,36.138292921571,126.605207635492
696,충남소방본부,서천소방서,서면,충남 서천군 서면 부사로 153,36.1631377227899,126.531586237077
697,충남소방본부,홍성소방서,구룡,충남 홍성군 홍성읍 충절로 741 ,36.5850165142852,126.695420042075
698,충남소방본부,홍성소방서,옥암,충남 홍성군 홍성읍 충서로 1258,36.5888108009564,126.657548566892
699,충남소방본부,홍성소방서,광천,충남 홍성군 광천읍 충서로 354,36.514049679278,126.62246373389
700,충남소방본부,홍성소방서,갈산,충남 홍성군 갈산면 갈산로150번길 16,36.5999198254431,126.554204614143
701,충남소방본부,홍성소방서,내포,충남 홍성군 홍북읍 의향로 133,36.6473145907495,126.677031059751
702,충남소방본부,예산소방서,오가,충남 예산군 오가면 오가중앙로 111,36.6865927990832,126.801409702055
703,충남소방본부,예산소방서,예산_금오,충남 예산군 예산읍 예당관광로 760,36.6785255562983,126.827137510969
704,충남소방본부,예산소방서,삽교,충남 예산군 삽교읍 삽교로1길 34,36.6889796922077,126.738359994768
705,충남소방본부,예산소방서,예산_덕산,충남 예산군 덕산면 도청대로 1160,36.7048786234659,126.673204323701
706,충남소방본부,태안소방서,태안_태안,충남 태안군 태안읍 동백로 100 ,36.758023038539,126.286116379186
707,충남소방본부,태안소방서,안면,충남 태안군 안면읍 장터로 77,36.5158941786787,126.348115525895
708,충남소방본부,태안소방서,원북,충남 태안군 원북면 원이로 1031,36.8356518316828,126.272391152573
709,충남소방본부,태안소방서,근흥,충남 태안군 근흥면 신진도리 249,36.682573465937,126.147149943326
710,충남소방본부,청양소방서,청양,충남 청양군 청양읍 충절로 1187,36.4516447729291,126.792452457117
711,충남소방본부,청양소방서,정산,충남 청양군 정산면 서정4길 49,36.4166106793771,126.947867182144
712,전북소방본부,전주덕진소방서,금암,전북 전주시 덕진구 백제대로 611,35.8424000556701,127.136654322808
713,전북소방본부,전주덕진소방서,팔복,전북 전주시 덕진구 온고을로 430,35.850584030842,127.08231832469
714,전북소방본부,전주덕진소방서,전미,전북 전주시 덕진구 과학로 144,35.8818122591673,127.128639982881
715,전북소방본부,전주덕진소방서,삼례,전북 완주군 삼례읍 삼례역로 27,35.9088634836676,127.070535270978
716,전북소방본부,전주덕진소방서,봉동,전북 완주군 봉동읍 완주산단5로 89,35.9440534038268,127.127284905394
717,전북소방본부,전주덕진소방서,아중,전북 전주시 덕진구 진버들4길 16,35.8360041486337,127.163734526812
718,전북소방본부,전주덕진소방서,전주덕진_고산,전북 완주군 고산면 고산로 49,35.9759532299071,127.202603225071
719,전북소방본부,전주완산소방서,전주완산_효자,전북 전주시 완산구 거마평로 73,35.7989050342996,127.116297274992
720,전북소방본부,전주완산소방서,서부,전북 전주시 완산구 우전로 228,35.8148824697547,127.102276484372
721,전북소방본부,전주완산소방서,전주완산_교동,전북 전주시 완산구 경기전길 183,35.8111921754936,127.151743533443
722,전북소방본부,전주완산소방서,노송,전북 전주시 완산구 관선4길 38,35.8223131380775,127.156075628084
723,전북소방본부,전주완산소방서,평화,전북 전주시 완산구 평화로 105,35.7862666499643,127.133843653827
724,전북소방본부,전주완산소방서,혁신,전북 완주군 이서면 지사제2로 12,35.8321502851486,127.023476563736
725,전북소방본부,전주완산소방서,임실,전북 임실읍 봉황8길 31,0,0
726,전북소방본부,군산소방서,사정,전북 군산시 번영로 308 1층,35.9628424748557,126.751107282223
727,전북소방본부,군산소방서,금동,전북 군산시 군산창길 1,35.9897598679008,126.70721004979
728,전북소방본부,군산소방서,군산_항만,전북 군산시 임해로 462 ,35.9713701888158,126.628156709426
729,전북소방본부,군산소방서,비응,전북 군산시 새만금북로 43 ,35.9437718534851,126.540828767198
730,전북소방본부,군산소방서,지곡,전북 군산시 백토로 223 ,35.9591036137075,126.704757466955
731,전북소방본부,군산소방서,경암,전북 군산시 구암3.1로 147 ,35.9817136895589,126.735633352419
732,전북소방본부,군산소방서,소룡,전북 군산시 공단대로 632 ,35.9744190777017,126.678613224128
733,전북소방본부,군산소방서,대야,전북 군산시 대야면 대야관통로 134 ,35.9460750877674,126.820115088934
734,전북소방본부,익산소방서,팔봉,전북 익산시 무왕로 1338,35.9622408591675,127.005109157716
735,전북소방본부,익산소방서,남중,전북 익산시 인북로 226,35.9488364883824,126.957455892049
736,전북소방본부,익산소방서,익산_공단,전북 익산시 선화로 429,35.9471314648312,126.977086319808
737,전북소방본부,익산소방서,인화,전북 익산시 목천로 301,35.9283024919615,126.954540867865
738,전북소방본부,익산소방서,익산_모현,전북 익산시 배산로 181,35.9537225649039,126.941778951128
739,전북소방본부,익산소방서,함열,전북 익산시 황등면 황등서로 55,36.0019514027051,126.938963285643
740,전북소방본부,익산소방서,금마,전북 익산시 함열읍 함열중앙로 133,36.0761397477564,126.971931661635
741,전북소방본부,정읍소방서,하북,전북 정읍시 서부산업도로 507-5,35.5882998335107,126.85854841578
742,전북소방본부,정읍소방서,시기,전북 정읍시 정읍남로 1421,35.557782972682,126.857379190351
743,전북소방본부,정읍소방서,신태인,전북 정읍시 정신로 1241,35.6913656817862,126.878325844841
744,전북소방본부,정읍소방서,영원,전북 정읍시 영원면 영원로 1048,35.6521691702843,126.784203667653
745,전북소방본부,남원소방서,식정,전북 남원시 요천로 1965,35.4369194749939,127.416133455859
746,전북소방본부,남원소방서,인월,전북 남원시 인월면 황산로 1828,35.4654098590939,127.602401886864
747,전북소방본부,남원소방서,금지,전북 남원시 금지면 요천로 430,35.3479139670871,127.303137068824
748,전북소방본부,남원소방서,순창,전북 순창군 순창읍 교성로 24,35.3720522048217,127.133916903634
749,전북소방본부,김제소방서,김제_교동,전북 김제시 벽성로 278,35.7989540491269,126.870047580886
750,전북소방본부,김제소방서,만경,전북 김제시 만경읍 만경공단1길 7,35.8575843595976,126.816969656609
751,전북소방본부,김제소방서,김제_금산,전북 김제시 금산면 금산사로 29,35.719558553272,126.994637929065
752,전북소방본부,고창소방서,고창,전북 고창군 고창읍 녹두로 1294,35.4327981453438,126.687777592227
753,전북소방본부,고창소방서,무장,전북 고창군 무장면 무장남북로 20-5,35.4165535303478,126.561577527505
754,전북소방본부,고창소방서,흥덕,전북 고창군 흥덕면 문화2길 21,35.5173223225472,126.703253690648
755,전북소방본부,고창소방서,고창_대산,전북 고창군 대산면 공음대산로 932,35.3399141915314,126.598368596188
756,전북소방본부,부안소방서,부안,전북 부안군 행안면 변산로 86,35.7297700289988,126.711889327851
757,전북소방본부,부안소방서,격포,전북 부안군 변산면 격포항길 64-17,35.6200579150379,126.470623336841
758,전북소방본부,무진장소방서,장계,전북 장수군 장계면 육십령로 136,35.7322551965133,127.589528978223
759,전북소방본부,무진장소방서,진안,전북 진안군 진안읍 진무로 1179,35.7964243297413,127.43472123395
760,전북소방본부,무진장소방서,마령,전북 진안군 마령면 임진로 2077-24,35.7317950337605,127.369792381626
761,전북소방본부,무진장소방서,무주,전북 무주군 무주읍 당산강변로 126,36.0028189380435,127.655151340969
762,전북소방본부,무진장소방서,장수,전북 장수군 호비로 42,35.6499327626246,127.521240595813
763,전남소방본부,목포소방서,하당,전남 전남 목포시 삼향천로 110,34.8099467983613,126.430249877727
764,전남소방본부,목포소방서,호남,전남 목포시 영산로 165,34.7970868640772,126.387979685711
765,전남소방본부,목포소방서,경동,전남 목포시 유동로 42번길 1,34.7855645891587,126.380691510363
766,전남소방본부,목포소방서,삼학,전남 목포시 삼학로 218,34.7901723114361,126.406761604907
767,전남소방본부,목포소방서,연산,전남 목포시 산정공단로 64,34.8187737486445,126.377721276017
768,전남소방본부,목포소방서,지도,전남 신안군 지도읍 해제지도로 1304,35.0588619663096,126.204915527408
769,전남소방본부,목포소방서,안좌,전남 신안군 안좌면 중부로 884,34.7572699544439,126.124041384919
770,전남소방본부,여수소방서,학동,전남 여수시 망마로 20,34.7598782963305,127.665052178312
771,전남소방본부,여수소방서,소라,전남 여수시 소라면 여순로 297,34.8310398909897,127.614544459024
772,전남소방본부,여수소방서,평여,전남 여수시 여수산단로 321(평여동),34.810882831578,127.67034750604
773,전남소방본부,여수소방서,연등,전남 여수시 좌수영로 162(연등동),34.7547661780573,127.726713700646
774,전남소방본부,여수소방서,여서,전남 여수시 문수로 131(문수동),34.7565018379327,127.708073989675
775,전남소방본부,여수소방서,봉산,전남 여수시 어항단지로 222-5(남산동),34.7302195784909,127.730113933189
776,전남소방본부,여수소방서,돌산,전남 여수시 돌산읍 강남로 34,34.718643475608,127.750200094468
777,전남소방본부,순천소방서,서면,전남 순천시 서면 삼산로 281,34.9867240256891,127.503845763382
778,전남소방본부,순천소방서,저전,전남 순천시 중앙로 19,34.9480569869476,127.48655006549
779,전남소방본부,순천소방서,왕조,전남 순천시 기적의도서관 1길 30,34.9526693019858,127.524776748744
780,전남소방본부,순천소방서,연향,전남 순천시 연향1로 26,34.9447438618,127.517122154445
781,전남소방본부,순천소방서,승주,전남 순천시 승주읍 승평길 19,0,0
782,전남소방본부,순천소방서,해룡,전남 순천시 해룡면 율촌제1산업단지 2블럭,0,0
783,전남소방본부,순천소방서,구례,전남 구례군 구례읍 양정4길 37,35.2024278363605,127.470104322509
784,전남소방본부,나주소방서,경현,전남 나주시 예향로 4201,35.0278277967115,126.709899650239
785,전남소방본부,나주소방서,이창,전남 나주시 이창택지길 6-13,34.9949754005522,126.706424923694
786,전남소방본부,나주소방서,남평,전남 나주시 남평읍 지석로 106,35.0414021876664,126.846022019665
787,전남소방본부,나주소방서,빛가람,전남 나주시 그린로 296,35.0130941856795,126.796051416915
788,전남소방본부,광양소방서,중마,전남 광양시 중마중앙로 109,34.9400928936077,127.697710860694
789,전남소방본부,광양소방서,금호,전남 광양시 희망길 12-12(금호동) ,34.9365825973532,127.725291603057
790,전남소방본부,광양소방서,광영,전남 광양시 금영로 87(광영동),34.9587725708878,127.720300192366
791,전남소방본부,광양소방서,광양,전남 광양시 광양읍 서변천로 175,0,0
792,전남소방본부,담양소방서,담양,전남 담양군 담양읍 추성로 1232,35.3181126239202,126.973080867581
793,전남소방본부,담양소방서,곡성,전남 곡성군 곡성읍 학교로 7 ,35.2772287103047,127.289428131323
794,전남소방본부,담양소방서,옥과,전남 곡성군 옥과면 리문6길 29 ,35.2744919327175,127.137462893287
795,전남소방본부,담양소방서,장성,전남 장성군 장성읍 단풍로 204 ,35.3205008339722,126.79973837873
796,전남소방본부,담양소방서,삼계,전남 장성군 삼계면 영장로 1632,35.2550562724655,126.667263598785
797,전남소방본부,고흥소방서,고흥,전남 고흥군 풍양면 고흥로 1330,34.5815688335529,127.256037383808
798,전남소방본부,고흥소방서,과역,"전남 고흥군 과역면 석봉리 1599-1,2",0,0
799,전남소방본부,고흥소방서,도양,전남 고흥군 도양읍 녹동신항5길 4,34.5259263650424,127.141213459832
800,전남소방본부,보성소방서,벌교,전남 보성군 벌교읍 녹색로 5247,34.8384643541383,127.315489229024
801,전남소방본부,보성소방서,보성,전남 보성군 보성읍 송재로 160,34.7700933240769,127.080096105256
802,전남소방본부,보성소방서,홍교,전남 보성군 벌교읍 홍암로 116-4,34.8466716808287,127.354388046707
803,전남소방본부,화순소방서,화순,전남 화순군 화순읍 학포로 2750,35.0507032795544,126.971440009758
804,전남소방본부,화순소방서,동복,전남 화순군 동복면 칠정1길 14,35.071385718995,127.129062374893
805,전남소방본부,화순소방서,능주,전남 화순군 능주면 지석로 1428,34.9960167262376,126.949962536541
806,전남소방본부,강진소방서,강진,전남 강진군 군동면 중앙로 223,34.6432283266768,126.780926294304
807,전남소방본부,강진소방서,장흥,전남 장흥군 장흥읍 평화우산길 22,34.6744062253935,126.909962114714
808,전남소방본부,강진소방서,관산,전남 장흥군 관산읍 관산우회로 103,34.5649748672377,126.935396692341
809,전남소방본부,해남소방서,해남,전남 해남군 해남읍 교육청길 82,34.5662175640549,126.607853586651
810,전남소방본부,해남소방서,송지,전남 해남군 송지면 미야길 237-3,34.3780795193261,126.522114458188
811,전남소방본부,해남소방서,완도,전남 완도군 완도읍 장보고대로 103,34.3247142927168,126.741982258111
812,전남소방본부,해남소방서,고금,완도군 고금면 고금동로 266,34.4028878706562,126.825313111885
813,전남소방본부,해남소방서,진도,전남 진도군 진도읍 진도대로 6945,34.4730195021802,126.247265252281
814,전남소방본부,영암소방서,삼호,전남 영암군 삼호읍 나불로 192,34.7667229478592,126.43928848046
815,전남소방본부,영암소방서,영암,전남 영암군 영암읍 월출로 46,34.798537878788,126.685984635191
816,전남소방본부,무안소방서,무안,전남 무안군 무안읍 공항로 133,34.9946776393955,126.46655043844
817,전남소방본부,무안소방서,일로,전남 무안군 일로읍 삼일로 493-1,34.8511585317487,126.490023175645
818,전남소방본부,무안소방서,해제,전남 무안군 해제면 현해로 1621,35.1124150641237,126.301070837818
819,전남소방본부,무안소방서,남악,전남 무안군 삼향읍 남악5로72번길81-18,34.8115166660619,126.482507388054
820,전남소방본부,함평소방서,함평,함평군 대동면 함장로 1202-93,35.0524626533358,126.531049119767
821,전남소방본부,영광소방서,영광,전남 영광군 영광읍 함영로 3508,35.2630143966526,126.509111093115
822,전남소방본부,영광소방서,홍농,전남 영광군 홍농읍 홍농로 543,35.4023775171847,126.449015240576
823,경북소방본부,포항북부소방서, 포항북부_덕산 ,경상북도 포항시 북구 중앙로 332,36.0425165178792,129.36612464594
824,경북소방본부,포항북부소방서, 두호 ,경상북도 퐁항시 북구 삼호로 305,0,0
825,경북소방본부,포항북부소방서, 흥해 ,경상북도 포항시 북구 흥해읍 중성로 67,36.1091931901664,129.350482936048
826,경북소방본부,포항북부소방서, 장량 ,경상북도 포항시 북구 법원로 158,36.0887462293004,129.387693096853
827,경북소방본부,포항남부소방서, 일월 ,경상북도 포항시 남구 동해안로 5890,35.9933845880943,129.418921720212
828,경북소방본부,포항남부소방서, 해도 ,경상북도 포항시 남구 중앙로 118,36.023615615889,129.368661886355
829,경북소방본부,포항남부소방서, 제철 ,경상북도 포항시 남구 철강로 360,35.9784401511501,129.378294484115
830,경북소방본부,포항남부소방서, 연일 ,경상북도 포항시 남구 연일읍 철강로 10 (연일119안전센터),35.9916088024287,129.344154236178
831,경북소방본부,포항남부소방서, 효자 ,경상북도 포항시 남구 지곡로212번길 45,36.0294554160021,129.325532058198
832,경북소방본부,포항남부소방서, 오천 ,경상북도 포항시 남구 오천읍 해병로 369,35.9627731646523,129.409538071515
833,경북소방본부,포항남부소방서, 구룡포 ,경상북도 포항시 남구 구룡포읍 호미로 265,35.9910263639309,129.55938889163
834,경북소방본부,포항남부소방서, 울릉 ,경상북도 울릉군 울릉읍 울릉순환로 415,37.4842311144687,130.8980995951
835,경북소방본부,경주소방서, 황오 ,경상북도 경주시 알천남로 276,35.8440856621929,129.228398398755
836,경북소방본부,경주소방서, 경주_동부 ,경상북도 경주시 중앙로 59,35.8451808692264,129.211467653835
837,경북소방본부,경주소방서, 불국사 ,경상북도 경주시 불국신택지4길 4,35.783852680819,129.327475386132
838,경북소방본부,경주소방서, 보문 ,경상북도 경주시 경감로 587-8,35.834926825627,129.287086207621
839,경북소방본부,경주소방서, 용황 ,경상북도 경주시 공단로 25,35.8753010485925,129.217069555609
840,경북소방본부,경주소방서, 안강 ,경상북도 경주시 안강읍 안강중앙로 146,35.9932489664402,129.215912045669
841,경북소방본부,경주소방서, 경주_외동 ,경상북도 경주시 외동읍 입실로1길 78-15,35.71680083689,129.327293683107
842,경북소방본부,경주소방서, 감포 ,경상북도 경주시 감포읍 감포로8길 14-6,35.8071323953322,129.501271817655
843,경북소방본부,경주소방서, 건천 ,경상북도 경주시 건천읍 내서로 1065,35.8529548936357,129.100209060737
844,경북소방본부,김천소방서, 지좌 ,경상북도 김천시 황산로 67,36.1169828774015,128.138197827916
845,경북소방본부,김천소방서, 다수 ,경상북도 김천시 영남대로 1246,36.1274005536936,128.07286306873
846,경북소방본부,김천소방서, 대광 ,경상북도 김천시 공단로 152-36,36.1483546513498,128.138009094439
847,경북소방본부,김천소방서, 지례 ,경상북도 김천시 지례면 장터길 115,35.9900641581425,128.030582413276
848,경북소방본부,김천소방서, 아포 ,경상북도 김천시 아포읍 아포공단길 45,36.1665543304616,128.25497221683
849,경북소방본부,안동소방서, 법흥 ,경상북도 안동시 육사로 301,36.5610425854574,128.737283221629
850,경북소방본부,안동소방서, 용상 ,경상북도 안동시 마들6길 27,36.5507967700038,128.761745143609
851,경북소방본부,안동소방서, 풍산 ,경상북도 안동시 풍산읍 풍산태사로 1162,36.5803369328111,128.581904287983
852,경북소방본부,안동소방서, 안동_옥동 ,경상북도 안동시 광명로 85,36.5587275983537,128.694258986378
853,경북소방본부,안동소방서, 청송 ,경상북도 청송군 청송읍 길안청송로 1630,36.4338705449257,129.041896479636
854,경북소방본부,안동소방서, 영양 ,경상북도 영양군 영양읍 군민회관길 42-14,36.6595306168991,129.11647700759
855,경북소방본부,안동소방서, 진보 ,경상북도 청송군 진보면 청송로 6346,36.5212786477136,129.039583874716
856,경북소방본부,안동소방서, 안동_입암 ,경상북도 영양군 입암면 입암로 153,36.5981137982651,129.087205190532
857,경북소방본부,구미소방서, 구미_공단 ,경상북도 구미시 수출대로 112,36.1105438132303,128.376521985916
858,경북소방본부,구미소방서, 구미_송정 ,경상북도 구미시 백산로 207,36.1142652285029,128.351052767573
859,경북소방본부,구미소방서, 원평 ,경상북도 구미시 산업로 174,36.1286747759188,128.340637303124
860,경북소방본부,구미소방서, 구미_봉곡 ,경상북도 구미시 봉곡동로 48,36.1546316933164,128.315391252882
861,경북소방본부,구미소방서, 인동 ,경상북도 구미시 이계북로 147,36.1061039267216,128.41838118213
862,경북소방본부,구미소방서, 선산 ,경상북도 구미시 선산읍 선산대로 1400-13,36.2394246280629,128.305003300981
863,경북소방본부,구미소방서, 해평 ,경상북도 구미시 해평면 강동로 1663,36.1988933179385,128.391099400293
864,경북소방본부,구미소방서, 상림 ,경상북도 구미시 상림로 45,36.0900146719196,128.360358338795
865,경북소방본부,구미소방서, 구미_옥계 ,경상북도 구미시 산동면 산호대로41길 4,36.1388358600764,128.439443684298
866,경북소방본부,구미소방서, 고아 ,경상북도 구미시 고아읍 선산대로 821,36.1996110306163,128.339436560136
867,경북소방본부,영주소방서, 문수 ,경상북도 영주시 문수면 적서로448번길17,36.7919759999712,128.633121885404
868,경북소방본부,영주소방서, 가흥 ,경상북도 영주시 선비로 181,36.8207832045621,128.619011474167
869,경북소방본부,영주소방서, 풍기 ,경상북도 영주시 풍기읍 기주로 159,36.873234041835,128.519081766731
870,경북소방본부,영주소방서, 봉화 ,경상북도 봉화군 봉화읍 문수로 42,36.9001890901319,128.735760798053
871,경북소방본부,영주소방서, 춘양 ,경상북도 봉화군 춘양면 소천로 22,36.9217777651533,128.920948618578
872,경북소방본부,영주소방서, 명호 ,경상북도 봉화군 명호면 도천길 18-46,36.8582247757022,128.9017806103
873,경북소방본부,영천소방서, 영천_동부 ,경상북도 영천시 호국로 187,35.9776356060849,128.957861366269
874,경북소방본부,영천소방서, 영천_남부 ,경상북도 영천시 한방로 176-0,35.9389341057518,128.947281768117
875,경북소방본부,영천소방서, 영천_금호 ,경상북도 영천시 금호읍 오계공단길 5,35.9137904542333,128.887565907491
876,경북소방본부,영천소방서, 신녕 ,경상북도 영천시 신령면 어릿골길 11,0,0
877,경북소방본부,상주소방서, 서성 ,경상북도 상주시 상산로 322,36.4196352874884,128.159536212948
878,경북소방본부,상주소방서, 함창 ,경상북도 상주시 함창읍 가야로 46-1,36.5664732877647,128.178392974115
879,경북소방본부,상주소방서, 청리 ,경상북도 상주시 청리면 마공공단로 152,36.3185293440531,128.126084035105
880,경북소방본부,상주소방서, 화서(신설) ,경상북도 상주시 화서면 상현무동길 5,36.4463518241312,127.948054117454
881,경북소방본부,문경소방서, 점촌 ,경상북도 문경시 중앙로 305,36.6100851919393,128.209543173171
882,경북소방본부,문경소방서, 모전 ,경상북도 문경시 모전로 173,36.5962720221611,128.187945787106
883,경북소방본부,문경소방서, 가은 ,경상북도 문경시 가은읍 가은로 126,36.6422224173453,128.062684532972
884,경북소방본부,문경소방서, 문경 ,경상북도 문경시 문경읍 새재로 501,36.734819727557,128.102529719044
885,경북소방본부,문경소방서, 문경_예천 ,경상북도 예천군 예천읍 양궁로 61-12,36.6481508023558,128.463414975397
886,경북소방본부,문경소방서, 지보 ,경상북도 예천군 지보면 지보로 247,36.5385408081694,128.382810817091
887,경북소방본부,문경소방서, 도청(신설) ,경상북도 예천군 호명면 도청대로 19,36.5758416966887,128.467944543508
888,경북소방본부,경산소방서, 압량 ,경상북도 경산시 압량면 김유신로 12,35.8384638503274,128.769710248433
889,경북소방본부,경산소방서, 경산_중앙 ,경상북도 경산시 장산로 143,35.8187285703387,128.74077341012
890,경북소방본부,경산소방서, 하양 ,경상북도 경산시 하양읍 대경로 793,35.9151376297434,128.825771901657
891,경북소방본부,경산소방서, 진량 ,경상북도 경산시 진량읍 공단2로 72,0,0
892,경북소방본부,경산소방서, 자인 ,경산북도 경산시 자인면 금학로 25-11,0,0
893,경북소방본부,의성소방서, 의성_봉양 ,경상북도 의성군 봉양면 경북대로 4741,36.310464902235,128.598674518672
894,경북소방본부,의성소방서, 의성 ,경상북도 의성군 의성읍 홍술로 187,36.3582669409566,128.699140837471
895,경북소방본부,의성소방서, 안계 ,경상북도 의성군 안계면 안계길 100,36.3827113241952,128.441022523713
896,경북소방본부,의성소방서, 군위 ,경상북도 군위군 군위읍 군위공단길 65,36.2075740673905,128.560419266803
897,경북소방본부,의성소방서, 의흥 ,경상북도 군위군 의흥면 읍내길 23,36.1767091622202,128.713969534986
898,경북소방본부,영덕소방서, 영덕 ,경상북도 영덕군 영덕읍 경동로 8401,36.4167056350812,129.371005635834
899,경북소방본부,영덕소방서, 강구 ,경상북도 영덕군 강구면 강산로 38,36.3513746281057,129.374743941336
900,경북소방본부,영덕소방서, 영해 ,경상북도 영덕군 영해면 창수영해로 481,36.5423929461126,129.395744423015
901,경북소방본부,경산소방서, 청도 ,경상북도 청도군 청도읍 중앙로 192-34,35.6482102092262,128.763171816443
902,경북소방본부,경산소방서, 풍각 ,경상북도 청도군 풍각면 송서로 64,35.6388737606515,128.617756696482
903,경북소방본부,경산소방서, 경산_금천 ,경상북도 청도군 금천면 청려로 4363,35.6900320765226,128.895211087607
904,경북소방본부,고령소방서, 대가야 ,경상북도 고령군 대가야읍 벽화길18,35.7240226227442,128.268697701522
905,경북소방본부,고령소방서, 다산 ,경상북도 고령군 다산면 다산로 506,35.8152430704121,128.434972526967
906,경북소방본부,성주소방서, 성주 ,경상북도 성주군 성주읍 주산로 193,35.9340004822943,128.304816906294
907,경북소방본부,성주소방서, 선남(신설) ,경상북도 성주군 선남면 도성3길 39-17,35.8823773018661,128.366731832857
908,경북소방본부,칠곡소방서, 왜관 ,경상북도 칠곡군 기산면 칠곡대로 1216,35.9956400828997,128.388068797121
909,경북소방본부,칠곡소방서, 칠곡_북삼 ,경상북도 칠곡군 북삼읍 안산2길 46,36.0668286359458,128.33737687325
910,경북소방본부,칠곡소방서, 칠곡_금산 ,경상북도 칠곡군 왜관읍 공단로 194,35.9677825570407,128.417081936691
911,경북소방본부,칠곡소방서, 칠곡_가산 ,경상북도 칠곡군 가산면 다부원1길 57,36.0458615506672,128.520497260269
912,경북소방본부,칠곡소방서, 석적 ,경상북도 칠곡군 석적읍 유학로 140,36.0735476071222,128.423801367666
913,경북소방본부,울진소방서, 울진 ,경상북도 울진군 울진읍 울진북로 508,36.9934402559946,129.394576123661
914,경북소방본부,울진소방서, 죽변 ,경상북도 울진군 죽변면 하죽로 1841,37.0548287615873,129.412520751642
915,경북소방본부,울진소방서, 후포 ,경상북도 울진군 후포면 실배길 28-1,36.6891566680962,129.445222735434
916,경북소방본부,울진소방서, 온정 ,경상북도 울진군 온정면 백암온천로 1315,36.721141409695,129.347544756163
917,경남소방본부,진주소방서,상대,경남 진주시 동진로 249,35.180370199356,128.11847357055
918,경남소방본부,진주소방서,중앙,경남 진주시 북장대로 64번길 14,35.1958940138334,128.074566128619
919,경남소방본부,진주소방서,천전,경남 진주시 강남로 167번길 16,35.1828547887809,128.094085495375
920,경남소방본부,진주소방서,평거,경남 진주시 순환로 565,35.1741132059132,128.058798697476
921,경남소방본부,진주소방서,문산,경남 진주시 문산읍 월아산로 979,35.1587789377568,128.163599098012
922,경남소방본부,통영소방서,죽림,경남 통영시 광도면 죽림4로 49,34.8835287072292,128.419017468271
923,경남소방본부,통영소방서,무전,경남 통영시 원문로 71,34.8592726754868,128.420799728294
924,경남소방본부,통영소방서,서호,경남 통영시 중앙로 91-8,34.8422860876429,128.41920043501
925,경남소방본부,통영소방서,도남,경남 통영시 도남로257,34.8283404402397,128.432251534339
926,경남소방본부,사천소방서,동금,경남 사천시 남일로 29,34.9331396362317,128.079760850576
927,경남소방본부,사천소방서,사남,경남 사천시 사남면 공단2로 53,35.0638939781766,128.067095039812
928,경남소방본부,사천소방서,사천읍,경남 사천시 사천읍 무산로 21,35.0876714418732,128.087711002488
929,경남소방본부,사천소방서,곤양,경남 사천시 곤양면 곤북로 64,35.0555262065095,127.954291216341
930,경남소방본부,김해동부소방서,삼정,경남 김해시 김해대로 2507,35.2285973748818,128.90139721989
931,경남소방본부,김해동부소방서,동상,경남 김해시 분성로 335번지 38-1,0,0
932,경남소방본부,김해동부소방서,내외,경남 김해시 내외로 77,35.2349618645055,128.865503374838
933,경남소방본부,김해동부소방서,상동,경남 김해시 상동면 상동로 637,35.3120169445789,128.93786890438
934,경남소방본부,김해동부소방서,생림,경남 김해시 생림면 봉림로 106,35.3337230054088,128.847321467808
935,경남소방본부,김해동부소방서,북부,경남 김해시 해반천로 166,35.2629272517379,128.867607201053
936,경남소방본부,김해서부소방서,진영,경남 김해시 진영읍 장등로 4,35.3066384048935,128.735351270333
937,경남소방본부,김해서부소방서,장유,경남 김해시 장유면 번화2로 12,35.1901911524639,128.806265511633
938,경남소방본부,김해서부소방서,진례,경남 김해시 진례면 담안로 50,35.2526304081393,128.753164139649
939,경남소방본부,김해서부소방서,한림,경남 김해시 한림면 한림로 401번길 50,35.323250599869,128.800390549518
940,경남소방본부,김해서부소방서,주촌,경남 김해시 주촌면 서부로 1784,0,0
941,경남소방본부,밀양소방서,삼문,경남 밀양시 밀양대로 1760,35.4828106574279,128.75340527354
942,경남소방본부,밀양소방서,하남,경남 밀양시 하남읍 명례로 108,35.3684259132007,128.733157919494
943,경남소방본부,밀양소방서,가곡,경남 밀양시 용두로 5,35.4785888844849,128.764787272186
944,경남소방본부,밀양소방서,삼랑진,경남 밀양시 삼랑진읍 삼랑진로 16-3,35.3840409759692,128.822859278975
945,경남소방본부,밀양소방서,산동,경남 밀양시 산외면 산외로 679,35.5097465911257,128.837298739664
946,경남소방본부,거제소방서,장승포,경남 거제시 능포로 77,34.8715094783023,128.729100303181
947,경남소방본부,거제소방서,옥포,경남 거제시 진목로 1,34.8961398353134,128.686169060831
948,경남소방본부,거제소방서,신현,경남 거제시 계룡로 52,34.8757913527256,128.626860019633
949,경남소방본부,거제소방서,거제,경남 거제시 거제면 거제남서로 3429,34.8472586669458,128.589036017517
950,경남소방본부,거제소방서,연초,경남 거제시 연초면 거제북로1,34.9122746317328,128.652641289026
951,경남소방본부,거제소방서,동부,경남 거제시 동부면 거제대로 957,34.7753738548093,128.64131283801
952,경남소방본부,양산소방서,중앙,경남 양산시 신기로 13 ,35.3521171141371,129.042448805706
953,경남소방본부,양산소방서,웅상,경남 양산시 웅상대로 1120,35.3979832008003,129.162494405163
954,경남소방본부,양산소방서,물금,경남 양산시 물금읍 황산로 719,35.334037727195,129.010028157045
955,경남소방본부,양산소방서,하북,경남 양산시 하북면 양산대로 2255-38,35.4631404563117,129.080179007249
956,경남소방본부,양산소방서,중부,경남 양산시 양산역 6길 27,35.3372820514857,129.028981107572
957,경남소방본부,양산소방서,평산,경남 양산시 내연4길 9,35.375022332193,129.146844596229
958,경남소방본부,의령소방서,의령,경남 의령군 의령읍 의병로 108-17,35.3195841685313,128.248332211555
959,경남소방본부,의령소방서,부림,경남 의령군 부림면 대한로 1666,35.4637115247197,128.314713909678
960,경남소방본부,함안소방서,가야,경남 함안군 가야읍 선왕길 59,35.2862017245989,128.399985659108
961,경남소방본부,함안소방서,칠원,경남 함안군 칠원읍 용산2길 121,35.3118364519425,128.513848003021
962,경남소방본부,함안소방서,군북,경남 함안군 군북면 함마대로 760,35.2645620634309,128.343283275395
963,경남소방본부,창녕소방서,창녕,경남 창녕군 대지면 우포2로 1097,35.5504486992367,128.479127234115
964,경남소방본부,창녕소방서,남지,경남 창녕군 남지읍 동포로 64,35.3949422043418,128.480909566495
965,경남소방본부,창녕소방서,부곡,경남 창녕군 부곡면 원앙로 184,35.4377281701604,128.588610184614
966,경남소방본부,고성소방서,고성,경남 고성군 고성읍 남해안대로 2670,34.9811302254922,128.330848563937
967,경남소방본부,고성소방서,회화,경남 고성군 회화면 영희로 2211,0,0
968,경남소방본부,고성소방서,거류,경남 고성군 거류면 봉암 1길 9,35.0011933577984,128.402900457812
969,경남소방본부,남해소방서,남해,경남 남해군 남해읍 스포츠로 81,34.8295889565565,127.892687672548
970,경남소방본부,남해소방서,삼동,경남 남해군 삼동면 동부대로 1795,34.829655861184,128.006133146284
971,경남소방본부,하동소방서,금성,경남 하동군 금성면 금성로 15,34.9778823311712,127.79554193032
972,경남소방본부,하동소방서,하동,경남 하동군 적량면 공설운동장로 169,35.0622707196415,127.774331832159
973,경남소방본부,하동소방서,진교,경남 하동군 진교면 진양로 27,35.0253035344238,127.901340778657
974,경남소방본부,산청소방서,산청,경남 산청군 산청읍 중앙로 76-7,35.415243276797,127.883456642555
975,경남소방본부,산청소방서,단성,경남 산청군 단성면 사직단로 447-8,35.2978050689945,127.958331211189
976,경남소방본부,함양소방서,함양,경남 함양군 함양읍 인당 강변길 58,35.5100387524758,127.732293504267
977,경남소방본부,함양소방서,안의,경남 함양군 안의면 금성길 19,35.629164645639,127.810365352407
978,경남소방본부,거창소방서,대평,경남 거창군 거창읍 거함대로 3324,35.6776118549455,127.923453467851
979,경남소방본부,거창소방서,위천,경남 거창군 위천면 원학길 321,35.7492412117349,127.832688102424
980,경남소방본부,거창소방서,가조,경남 거창군 가조면 마상3길 32,35.7115185185747,128.016500308856
981,경남소방본부,합천소방서,합천,경남 합천군 합천읍 인덕로 2453,35.5728082963192,128.148537456579
982,경남소방본부,합천소방서,초계,경남 합천군 초계면 양동로 6-16,35.5568996138249,128.261649508198
983,제주소방본부,제주소방서,이도,제주특별자치도 제주시 중앙로 342,33.4908890396985,126.53665931458
984,제주소방본부,제주소방서,삼도,제주특별자치도 제주시 탑동로 101,33.5158569747162,126.517102714754
985,제주소방본부,제주소방서,오라,제주특별자치도 제주시 서광로2길 24,33.4950621500521,126.518797458105
986,제주소방본부,제주소방서,연동,제주특별자치도 제주시 문송길 14,33.4884783809682,126.497118009474
987,제주소방본부,제주소방서,항만,제주특별자치도 제주시 임항로 146,33.5200945592869,126.539070333762
988,제주소방본부,제주소방서,화북,제주특별자치도 제주시 동화로1길 3,33.5194277237866,126.573496162919
989,제주소방본부,제주소방서,노형,제주특별자치도 제주시 광평동로 2,33.4810852092011,126.472241811692
990,제주소방본부,서귀포소방서,동홍,제주특별자치도 서귀포시 동홍로 31,33.2510259892152,126.567175334694
991,제주소방본부,서귀포소방서,중문,제주특별자치도 서귀포시 천제연로 164 ,33.2520529583312,126.42211359136
992,제주소방본부,서귀포소방서,대륜,제주특별자치도 서귀포시 신중로 46 ,33.2546983435833,126.509909386758
993,제주소방본부,서귀포소방서,효돈,제주특별자치도 서귀포시 일주동로 8234 ,33.2607823704045,126.607759221577
994,제주소방본부,서부소방서_제주,한림,제주특별자치도 제주시 한림읍 한림중앙로 150,33.4025227906394,126.270278371374
995,제주소방본부,서부소방서_제주,애월,제주특별자치도 제주시 애월읍 일주서로 6513,33.4666644100904,126.348761047496
996,제주소방본부,서부소방서_제주,대정,제주특별자치도 서귀포시 대정읍 일주서로 2717,33.2325148792789,126.24085537673
997,제주소방본부,서부소방서_제주,한경,제주특별자치도 제주시 한경면 일주서로 4218,33.342696870172,126.182849104955
998,제주소방본부,서부소방서_제주,안덕,제주특별자치도 서귀포시 안덕면 화순서서로 2,33.2512032213501,126.330857823546
999,제주소방본부,서부소방서_제주,영어교육도시,제주특별자치도 서귀포시 대정읍 에듀시티로 238,33.2789362501311,126.273274761791
1000,제주소방본부,동부소방서_제주,동부(제주)_성산,제주특별자치도 서귀포시 성산읍 일주동로 4120번길 7,33.4602889421094,126.909648974203
1001,제주소방본부,동부소방서_제주,구좌,제주특별자치도 제주시 구좌읍 세화14길 8,33.520306207027,126.860089697178
1002,제주소방본부,동부소방서_제주,조천,제주특별자치도 제주시 조천읍 신북로 337 ,33.5410795156401,126.646877231961
1003,제주소방본부,동부소방서_제주,남원,제주특별자치도 서귀포시 남원읍 남원체육관로221번길 23 ,33.2814930700222,126.708432427227
1004,제주소방본부,동부소방서_제주,표선,제주특별자치도 서귀포시 표선면 표선관정로 39-16,33.3271672192491,126.827721998037
1005,창원소방본부,창원소방서,창원_신월,경남 창원시 의창구 상남로 165 신월119안전센터,0,0
1006,창원소방본부,창원소방서,창원_외동,경남 창원시 성산구 창원대로 786 외동119안전센터,35.2140027737442,128.675891953556
1007,창원소방본부,창원소방서,소답,경남 창원시 의창구 의안로44번길 5 소답119안전센터,35.2657131054034,128.624617898192
1008,창원소방본부,창원소방서,봉곡,경남 창원시 의창구 지귀로 127 봉곡119안전센터,35.2451336486219,128.658713635289
1009,창원소방본부,창원소방서,차룡,경남 창원시 의창구 창원대로204번길 15 차룡119안전센터,35.2429116847119,128.622899564933
1010,창원소방본부,창원소방서,가음정,경남 창원시 성산구 대정로 39 가음정119안전센터,35.2078512540519,128.698564219559
1011,창원소방본부,창원소방서,대원,경남 창원시 의창구 두대로55번길 11 대원119안전센터,0,0
1012,창원소방본부,창원소방서,동읍,경남 창원시 의창구 동읍 동읍로71번길 14-14 동읍119안전센터,35.2810610183207,128.682624932743
1013,창원소방본부,창원소방서,대산,경남 창원시 의창구 대산면 봉강가술로 583 대산119안전센터,35.3334169572778,128.705787629659
1014,창원소방본부,창원소방서,웅남,경남 창원시 성산구 봉양로 406 웅남119안전센터,35.2077268840801,128.626978758404
1015,창원소방본부,창원소방서,북면,경남 창원시 의창구 북면 천주로1150번길 15-22 북면119안전센터,35.3528492552382,128.610973595609
1016,창원소방본부,마산소방서,마산_중앙,경남 창원시 마산합포구 제2부두로 55 중앙119안전센터,35.1981175133486,128.574764787018
1017,창원소방본부,마산소방서,남성,경남 창원시 마산합포구 남성로 114 남성119안전센터,35.2048524966642,128.575157368622
1018,창원소방본부,마산소방서,삼진,경남 창원시 마산합포구 진동면 해양관광로 52 삼진119안전센터,35.1109064894615,128.489123275562
1019,창원소방본부,마산소방서,석전,경남 창원시 마산회원구 양덕옛1길 62 석전119안전센터,35.2273307402445,128.575588916094
1020,창원소방본부,마산소방서,양봉,경남 창원시 마산회원구 자유무역1길 22 양봉119안전센터,35.2120223205475,128.589000992779
1021,창원소방본부,마산소방서,마산_구암,경남 창원시 마산회원구 팔용로 260 구암119안전센터,35.248318329725,128.599298212327
1022,창원소방본부,마산소방서,내서,경남 창원시 마산회원구 내서읍 중리공단로 104 내서119안전센터,35.2402020292591,128.509684452366
1023,창원소방본부,마산소방서,호계,경남 창원시 마산회원구 내서읍 호계본동3길 59-10 호계119안전센터,35.2677183649852,128.520819830236
1024,창원소방본부,진해소방서(본부),대흥,경남 창원시 진해구 백구로 72 대흥119안전센터,35.1510381077888,128.65843421276
1025,창원소방본부,진해소방서(본부),진해(본부)_이동,경남 창원시 진해구 충장로 434 이동119안전센터,35.1499169877676,128.69742516319
1026,창원소방본부,진해소방서(본부),웅동,경남 창원시 진해구 남의로 11 웅동119안전센터,35.1157976276246,128.78306416174
1027,창원소방본부,진해소방서(본부),용원,경남 창원시 진해구 용원로 43 용원119안전센터,35.0999023620793,128.814112050876
